ID,Type,Date,Time,Source,Latitude,Longitude
6D211695,Multiple_Gunshots,7/1/2018,0:25:49,WashingtonDC6D,38.895,-76.94
7D274641,Single_Gunshot,7/1/2018,0:41:32,WashingtonDC7D,38.838,-76.99
7D274657,Multiple_Gunshots,7/1/2018,0:45:24,WashingtonDC7D,38.847,-76.973
6D211771,Multiple_Gunshots,7/1/2018,0:48:14,WashingtonDC6D,38.883,-76.94
4D68612,Multiple_Gunshots,7/1/2018,1:01:05,WashingtonDC4D,38.942,-77.023
5D87692,Multiple_Gunshots,7/1/2018,1:34:21,WashingtonDC5D,38.907,-77.009
7D274825,Gunshot_or_Firecracker,7/1/2018,2:02:19,WashingtonDC7D,38.847,-76.973
5D87744,Gunshot_or_Firecracker,7/1/2018,4:49:50,WashingtonDC5D,38.907,-77.009
6D211952,Multiple_Gunshots,7/1/2018,4:53:24,WashingtonDC6D,38.896,-76.943
1D96891,Single_Gunshot,7/1/2018,11:58:57,WashingtonDC1D,38.873,-77.013
6D212079,Single_Gunshot,7/1/2018,17:27:05,WashingtonDC6D,38.88,-76.929
7D275100,Multiple_Gunshots,7/1/2018,18:34:28,WashingtonDC7D,38.827,-77
3D70328,Gunshot_or_Firecracker,7/1/2018,18:40:17,WashingtonDC3D,38.921,-77.034
4D68680,Single_Gunshot,7/1/2018,18:54:07,WashingtonDC4D,38.955,-77.021
7D275116,Single_Gunshot,7/1/2018,18:55:18,WashingtonDC7D,38.827,-77.001
7D275125,Multiple_Gunshots,7/1/2018,18:58:19,WashingtonDC7D,38.851,-76.973
7D275827,Single_Gunshot,7/1/2018,22:37:38,WashingtonDC7D,38.827,-77
5D88148,Multiple_Gunshots,7/1/2018,23:11:47,WashingtonDC5D,38.908,-76.983
7D276035,Multiple_Gunshots,7/1/2018,23:19:37,WashingtonDC7D,38.862,-76.995
7D276036,Multiple_Gunshots,7/1/2018,23:19:43,WashingtonDC7D,38.863,-76.995
7D276079,Multiple_Gunshots,7/1/2018,23:30:28,WashingtonDC7D,38.83,-77
6D213034,Gunshot_or_Firecracker,7/2/2018,0:21:12,WashingtonDC6D,38.865,-76.978
4D68807,Multiple_Gunshots,7/2/2018,3:53:53,WashingtonDC4D,38.951,-77.03
6D213091,Single_Gunshot,7/2/2018,10:47:37,WashingtonDC6D,38.893,-76.911
7D276280,Multiple_Gunshots,7/2/2018,11:49:28,WashingtonDC7D,38.828,-77
7D276281,Multiple_Gunshots,7/2/2018,11:49:34,WashingtonDC7D,38.828,-77.001
6D213159,Multiple_Gunshots,7/2/2018,15:20:47,WashingtonDC6D,38.876,-76.966
7D276377,Gunshot_or_Firecracker,7/2/2018,17:54:06,WashingtonDC7D,38.847,-76.983
3D70398,Multiple_Gunshots,7/2/2018,18:07:58,WashingtonDC3D,38.922,-77.032
7D276397,Single_Gunshot,7/2/2018,18:17:46,WashingtonDC7D,38.827,-76.999
6D213231,Single_Gunshot,7/2/2018,18:23:30,WashingtonDC6D,38.897,-76.928
6D213285,Single_Gunshot,7/2/2018,19:55:16,WashingtonDC6D,38.908,-76.933
7D276989,Multiple_Gunshots,7/2/2018,21:54:40,WashingtonDC7D,38.843,-76.979
7D277001,Multiple_Gunshots,7/2/2018,21:55:33,WashingtonDC7D,38.842,-76.993
7D277158,Multiple_Gunshots,7/2/2018,22:51:34,WashingtonDC7D,38.841,-76.987
1D97908,Single_Gunshot,7/3/2018,0:18:32,WashingtonDC1D,38.894,-76.986
7D277352,Multiple_Gunshots,7/3/2018,0:19:42,WashingtonDC7D,38.86,-76.997
7D277374,Multiple_Gunshots,7/3/2018,0:27:56,WashingtonDC7D,38.861,-76.986
5D88575,Multiple_Gunshots,7/3/2018,0:59:34,WashingtonDC5D,38.899,-76.982
1D97922,Multiple_Gunshots,7/3/2018,0:59:34,WashingtonDC1D,38.898,-76.984
3D70566,Multiple_Gunshots,7/3/2018,2:04:45,WashingtonDC3D,38.921,-77.025
7D277442,Multiple_Gunshots,7/3/2018,2:23:56,WashingtonDC7D,38.838,-76.989
7D277444,Multiple_Gunshots,7/3/2018,2:26:30,WashingtonDC7D,38.838,-76.989
1D97936,Single_Gunshot,7/3/2018,3:20:30,WashingtonDC1D,38.9,-76.991
5D88583,Multiple_Gunshots,7/3/2018,4:30:11,WashingtonDC5D,38.899,-76.979
3D70599,Single_Gunshot,7/3/2018,15:59:15,WashingtonDC3D,38.925,-77.032
4D69114,Single_Gunshot,7/3/2018,16:55:53,WashingtonDC4D,38.951,-77.028
7D278175,Multiple_Gunshots,7/3/2018,20:45:28,WashingtonDC7D,38.845,-76.978
5D89156,Gunshot_or_Firecracker,7/3/2018,21:39:48,WashingtonDC5D,38.912,-76.987
7D278494,Multiple_Gunshots,7/3/2018,21:39:56,WashingtonDC7D,38.863,-76.989
3D70890,Single_Gunshot,7/3/2018,21:40:01,WashingtonDC3D,38.911,-77.023
3D70891,Single_Gunshot,7/3/2018,21:40:09,WashingtonDC3D,38.911,-77.023
1D98326,Single_Gunshot,7/3/2018,21:40:10,WashingtonDC1D,38.876,-77.01
6D214784,Multiple_Gunshots,7/3/2018,21:50:49,WashingtonDC6D,38.868,-76.968
4D69788,Gunshot_or_Firecracker,7/3/2018,22:15:49,WashingtonDC4D,38.951,-77.016
5D89587,Multiple_Gunshots,7/3/2018,23:24:16,WashingtonDC5D,38.923,-76.987
6D215380,Multiple_Gunshots,7/3/2018,23:34:42,WashingtonDC6D,38.869,-76.981
5D89674,Single_Gunshot,7/3/2018,23:50:12,WashingtonDC5D,38.898,-76.975
7D279332,Multiple_Gunshots,7/4/2018,0:27:03,WashingtonDC7D,38.862,-76.982
7D279372,Single_Gunshot,7/4/2018,0:37:19,WashingtonDC7D,38.827,-77.002
3D71355,Gunshot_or_Firecracker,7/4/2018,0:50:17,WashingtonDC3D,38.918,-77.025
3D71357,Gunshot_or_Firecracker,7/4/2018,0:50:32,WashingtonDC3D,38.918,-77.025
3D71402,Multiple_Gunshots,7/4/2018,1:35:15,WashingtonDC3D,38.928,-77.026
6D215765,Multiple_Gunshots,7/4/2018,1:36:37,WashingtonDC6D,38.896,-76.926
6D215790,Multiple_Gunshots,7/4/2018,1:57:40,WashingtonDC6D,38.911,-76.937
3D71436,Gunshot_or_Firecracker,7/4/2018,2:30:36,WashingtonDC3D,38.92,-77.027
3D71438,Gunshot_or_Firecracker,7/4/2018,2:30:39,WashingtonDC3D,38.92,-77.027
3D71437,Single_Gunshot,7/4/2018,2:30:39,WashingtonDC3D,38.92,-77.027
7D279537,Multiple_Gunshots,7/4/2018,2:39:31,WashingtonDC7D,38.864,-76.979
5D89951,Multiple_Gunshots,7/4/2018,3:00:35,WashingtonDC5D,38.903,-76.98
6D215853,Single_Gunshot,7/4/2018,4:22:30,WashingtonDC6D,38.884,-76.935
5D89992,Multiple_Gunshots,7/4/2018,8:25:54,WashingtonDC5D,38.908,-77.01
6D216218,Multiple_Gunshots,7/4/2018,15:24:27,WashingtonDC6D,38.881,-76.938
6D216359,Multiple_Gunshots,7/4/2018,16:45:22,WashingtonDC6D,38.884,-76.935
7D280448,Multiple_Gunshots,7/4/2018,17:28:54,WashingtonDC7D,38.854,-76.972
7D280675,Multiple_Gunshots,7/4/2018,18:04:09,WashingtonDC7D,38.83,-77.006
7D280986,Single_Gunshot,7/4/2018,18:51:26,WashingtonDC7D,38.831,-76.998
4D70909,Gunshot_or_Firecracker,7/4/2018,19:19:50,WashingtonDC4D,38.945,-77.016
5D90999,Multiple_Gunshots,7/4/2018,19:39:58,WashingtonDC5D,38.931,-76.961
5D91047,Multiple_Gunshots,7/4/2018,19:47:22,WashingtonDC5D,38.904,-77.011
5D91048,Multiple_Gunshots,7/4/2018,19:47:40,WashingtonDC5D,38.903,-76.976
5D91052,Gunshot_or_Firecracker,7/4/2018,19:47:55,WashingtonDC5D,38.903,-76.976
5D91053,Single_Gunshot,7/4/2018,19:48:01,WashingtonDC5D,38.927,-76.968
4D71104,Single_Gunshot,7/4/2018,19:57:38,WashingtonDC4D,38.935,-77.03
3D72126,Multiple_Gunshots,7/4/2018,19:59:18,WashingtonDC3D,38.928,-77.035
1D99512,Multiple_Gunshots,7/4/2018,20:02:02,WashingtonDC1D,38.88,-77.019
6D216981,Multiple_Gunshots,7/4/2018,20:03:13,WashingtonDC6D,38.867,-76.948
5D91178,Single_Gunshot,7/4/2018,20:06:58,WashingtonDC5D,38.909,-76.983
6D217037,Multiple_Gunshots,7/4/2018,20:10:41,WashingtonDC6D,38.887,-76.956
4D71287,Gunshot_or_Firecracker,7/4/2018,20:24:34,WashingtonDC4D,38.937,-77.034
1D99627,Multiple_Gunshots,7/4/2018,20:28:53,WashingtonDC1D,38.877,-77.012
1D99749,Multiple_Gunshots,7/4/2018,20:54:43,WashingtonDC1D,38.878,-77.017
4D71516,Single_Gunshot,7/4/2018,20:59:45,WashingtonDC4D,38.947,-77.02
5D91489,Gunshot_or_Firecracker,7/4/2018,21:12:59,WashingtonDC5D,38.932,-76.97
1D99980,Single_Gunshot,7/4/2018,21:44:15,WashingtonDC1D,38.872,-77.013
4D71735,Multiple_Gunshots,7/4/2018,21:48:38,WashingtonDC4D,38.945,-77.026
1D100244,Multiple_Gunshots,7/4/2018,22:35:45,WashingtonDC1D,38.877,-77.016
1D100263,Single_Gunshot,7/4/2018,22:40:01,WashingtonDC1D,38.873,-77.016
1D100294,Single_Gunshot,7/4/2018,22:47:05,WashingtonDC1D,38.875,-77.011
1D100369,Single_Gunshot,7/4/2018,23:06:42,WashingtonDC1D,38.891,-76.979
3D72467,Multiple_Gunshots,7/4/2018,23:24:08,WashingtonDC3D,38.919,-77.033
4D72290,Single_Gunshot,7/4/2018,23:41:50,WashingtonDC4D,38.95,-77.026
5D92153,Multiple_Gunshots,7/4/2018,23:53:14,WashingtonDC5D,38.924,-76.993
5D92267,Gunshot_or_Firecracker,7/5/2018,0:10:51,WashingtonDC5D,38.921,-76.981
5D92471,Single_Gunshot,7/5/2018,0:42:35,WashingtonDC5D,38.903,-77.012
6D217670,Multiple_Gunshots,7/5/2018,0:43:19,WashingtonDC6D,38.887,-76.934
4D72686,Multiple_Gunshots,7/5/2018,0:45:40,WashingtonDC4D,38.957,-77.023
1D100870,Gunshot_or_Firecracker,7/5/2018,0:55:10,WashingtonDC1D,38.872,-77.012
5D92583,Multiple_Gunshots,7/5/2018,1:01:16,WashingtonDC5D,38.897,-76.976
7D282627,Multiple_Gunshots,7/5/2018,1:09:16,WashingtonDC7D,38.84,-76.989
4D72818,Multiple_Gunshots,7/5/2018,1:23:05,WashingtonDC4D,38.956,-77.018
6D217930,Multiple_Gunshots,7/5/2018,1:25:16,WashingtonDC6D,38.887,-76.933
6D217983,Multiple_Gunshots,7/5/2018,1:36:00,WashingtonDC6D,38.895,-76.937
6D217984,Multiple_Gunshots,7/5/2018,1:36:04,WashingtonDC6D,38.895,-76.937
6D217986,Multiple_Gunshots,7/5/2018,1:36:23,WashingtonDC6D,38.897,-76.928
6D218001,Multiple_Gunshots,7/5/2018,1:40:12,WashingtonDC6D,38.902,-76.929
6D218091,Multiple_Gunshots,7/5/2018,2:00:33,WashingtonDC6D,38.901,-76.937
7D282896,Multiple_Gunshots,7/5/2018,2:01:41,WashingtonDC7D,38.861,-76.993
6D218140,Multiple_Gunshots,7/5/2018,2:14:04,WashingtonDC6D,38.877,-76.939
6D218152,Multiple_Gunshots,7/5/2018,2:18:33,WashingtonDC6D,38.885,-76.937
6D218166,Multiple_Gunshots,7/5/2018,2:23:53,WashingtonDC6D,38.893,-76.93
7D283016,Single_Gunshot,7/5/2018,2:29:38,WashingtonDC7D,38.862,-76.985
7D283035,Single_Gunshot,7/5/2018,2:36:07,WashingtonDC7D,38.829,-77.003
6D218266,Multiple_Gunshots,7/5/2018,3:03:04,WashingtonDC6D,38.874,-76.961
7D283148,Multiple_Gunshots,7/5/2018,3:30:27,WashingtonDC7D,38.845,-76.999
1D101173,Multiple_Gunshots,7/5/2018,4:13:17,WashingtonDC1D,38.879,-77.018
1D101176,Multiple_Gunshots,7/5/2018,4:13:21,WashingtonDC1D,38.879,-77.018
6D218307,Multiple_Gunshots,7/5/2018,4:37:21,WashingtonDC6D,38.9,-76.945
7D283646,Single_Gunshot,7/5/2018,15:58:05,WashingtonDC7D,38.838,-76.991
7D283958,Multiple_Gunshots,7/5/2018,18:57:23,WashingtonDC7D,38.828,-77
7D284144,Multiple_Gunshots,7/5/2018,19:43:52,WashingtonDC7D,38.828,-76.996
7D284734,Single_Gunshot,7/5/2018,21:32:50,WashingtonDC7D,38.85,-76.974
1D101718,Multiple_Gunshots,7/5/2018,22:01:16,WashingtonDC1D,38.889,-76.978
6D219734,Multiple_Gunshots,7/5/2018,22:25:44,WashingtonDC6D,38.899,-76.945
3D73380,Gunshot_or_Firecracker,7/5/2018,22:55:22,WashingtonDC3D,38.922,-77.024
7D285382,Gunshot_or_Firecracker,7/5/2018,23:37:48,WashingtonDC7D,38.841,-77.003
7D285494,Multiple_Gunshots,7/6/2018,0:52:18,WashingtonDC7D,38.861,-76.987
7D285523,Multiple_Gunshots,7/6/2018,3:42:52,WashingtonDC7D,38.828,-77.006
6D220258,Multiple_Gunshots,7/6/2018,4:26:44,WashingtonDC6D,38.883,-76.93
7D285772,Single_Gunshot,7/6/2018,18:01:11,WashingtonDC7D,38.844,-77.002
7D285854,Multiple_Gunshots,7/6/2018,18:46:52,WashingtonDC7D,38.866,-76.982
7D286555,Multiple_Gunshots,7/6/2018,22:08:15,WashingtonDC7D,38.845,-76.999
5D94569,Single_Gunshot,7/6/2018,22:29:27,WashingtonDC5D,38.929,-76.971
1D102226,Single_Gunshot,7/6/2018,23:21:32,WashingtonDC1D,38.878,-77.015
1D102228,Single_Gunshot,7/6/2018,23:21:39,WashingtonDC1D,38.878,-77.015
1D102229,Multiple_Gunshots,7/6/2018,23:21:40,WashingtonDC1D,38.878,-77.015
1D102232,Single_Gunshot,7/6/2018,23:21:44,WashingtonDC1D,38.878,-77.015
1D102231,Multiple_Gunshots,7/6/2018,23:21:49,WashingtonDC1D,38.878,-77.015
7D286872,Multiple_Gunshots,7/6/2018,23:51:50,WashingtonDC7D,38.858,-76.997
6D221622,Single_Gunshot,7/7/2018,0:12:13,WashingtonDC6D,38.884,-76.93
6D221624,Multiple_Gunshots,7/7/2018,0:14:00,WashingtonDC6D,38.896,-76.927
3D73687,Gunshot_or_Firecracker,7/7/2018,0:51:57,WashingtonDC3D,38.919,-77.033
7D286997,Multiple_Gunshots,7/7/2018,1:44:45,WashingtonDC7D,38.863,-76.983
5D94862,Multiple_Gunshots,7/7/2018,2:16:32,WashingtonDC5D,38.912,-77.01
6D221720,Gunshot_or_Firecracker,7/7/2018,2:28:49,WashingtonDC6D,38.885,-76.956
7D287027,Multiple_Gunshots,7/7/2018,3:07:43,WashingtonDC7D,38.857,-76.972
5D94870,Gunshot_or_Firecracker,7/7/2018,3:21:40,WashingtonDC5D,38.908,-76.999
7D287032,Multiple_Gunshots,7/7/2018,3:49:29,WashingtonDC7D,38.847,-76.974
6D221729,Multiple_Gunshots,7/7/2018,4:00:06,WashingtonDC6D,38.893,-76.919
7D287112,Multiple_Gunshots,7/7/2018,12:34:39,WashingtonDC7D,38.842,-76.992
7D287113,Multiple_Gunshots,7/7/2018,12:34:44,WashingtonDC7D,38.842,-76.992
6D221815,Gunshot_or_Firecracker,7/7/2018,14:33:56,WashingtonDC6D,38.889,-76.927
5D94903,Multiple_Gunshots,7/7/2018,15:19:45,WashingtonDC5D,38.896,-76.98
7D287189,Multiple_Gunshots,7/7/2018,16:07:18,WashingtonDC7D,38.864,-76.988
6D221880,Multiple_Gunshots,7/7/2018,16:25:49,WashingtonDC6D,38.884,-76.936
6D222211,Single_Gunshot,7/7/2018,21:00:59,WashingtonDC6D,38.883,-76.94
5D95390,Multiple_Gunshots,7/7/2018,23:19:03,WashingtonDC5D,38.912,-77.009
5D95405,Multiple_Gunshots,7/7/2018,23:34:43,WashingtonDC5D,38.924,-76.987
6D222932,Gunshot_or_Firecracker,7/8/2018,0:07:13,WashingtonDC6D,38.866,-76.983
4D74246,Multiple_Gunshots,7/8/2018,0:26:18,WashingtonDC4D,38.94,-77.016
1D102667,Multiple_Gunshots,7/8/2018,0:45:37,WashingtonDC1D,38.875,-77.011
3D73981,Single_Gunshot,7/8/2018,1:35:45,WashingtonDC3D,38.933,-77.022
7D288460,Multiple_Gunshots,7/8/2018,1:44:59,WashingtonDC7D,38.841,-76.984
6D223002,Multiple_Gunshots,7/8/2018,2:55:58,WashingtonDC6D,38.894,-76.924
6D223004,Multiple_Gunshots,7/8/2018,2:58:10,WashingtonDC6D,38.886,-76.951
6D223005,Multiple_Gunshots,7/8/2018,2:58:14,WashingtonDC6D,38.885,-76.948
6D223008,Multiple_Gunshots,7/8/2018,3:36:29,WashingtonDC6D,38.893,-76.927
5D95468,Multiple_Gunshots,7/8/2018,4:15:05,WashingtonDC5D,38.923,-77.008
1D102708,Multiple_Gunshots,7/8/2018,16:27:57,WashingtonDC1D,38.875,-77.013
7D288599,Multiple_Gunshots,7/8/2018,17:11:49,WashingtonDC7D,38.843,-76.986
4D74287,Single_Gunshot,7/8/2018,17:55:38,WashingtonDC4D,38.951,-77.017
6D223271,Multiple_Gunshots,7/8/2018,20:40:21,WashingtonDC6D,38.912,-76.936
6D223443,Single_Gunshot,7/8/2018,21:31:02,WashingtonDC6D,38.885,-76.936
7D289085,Multiple_Gunshots,7/8/2018,21:57:27,WashingtonDC7D,38.846,-76.971
6D223615,Single_Gunshot,7/8/2018,22:08:48,WashingtonDC6D,38.907,-76.931
6D223774,Multiple_Gunshots,7/8/2018,23:43:24,WashingtonDC6D,38.906,-76.933
4D74511,Gunshot_or_Firecracker,7/9/2018,1:28:50,WashingtonDC4D,38.953,-77.019
5D95825,Single_Gunshot,7/9/2018,1:53:41,WashingtonDC5D,38.912,-77.009
6D223804,Multiple_Gunshots,7/9/2018,2:21:14,WashingtonDC6D,38.887,-76.953
6D223803,Multiple_Gunshots,7/9/2018,2:21:22,WashingtonDC6D,38.887,-76.953
6D223805,Multiple_Gunshots,7/9/2018,2:21:23,WashingtonDC6D,38.888,-76.952
7D289312,Multiple_Gunshots,7/9/2018,2:24:16,WashingtonDC7D,38.856,-76.97
6D223806,Multiple_Gunshots,7/9/2018,2:38:26,WashingtonDC6D,38.868,-76.968
6D223813,Single_Gunshot,7/9/2018,5:35:17,WashingtonDC6D,38.893,-76.953
6D223818,Multiple_Gunshots,7/9/2018,8:36:31,WashingtonDC6D,38.911,-76.936
5D95858,Multiple_Gunshots,7/9/2018,12:01:12,WashingtonDC5D,38.931,-76.973
6D223855,Multiple_Gunshots,7/9/2018,15:58:20,WashingtonDC6D,38.884,-76.932
6D223856,Multiple_Gunshots,7/9/2018,15:58:25,WashingtonDC6D,38.884,-76.926
6D223864,Multiple_Gunshots,7/9/2018,17:45:05,WashingtonDC6D,38.882,-76.939
6D224097,Multiple_Gunshots,7/9/2018,22:18:43,WashingtonDC6D,38.88,-76.932
6D224182,Multiple_Gunshots,7/9/2018,23:59:22,WashingtonDC6D,38.893,-76.951
6D224183,Multiple_Gunshots,7/9/2018,23:59:30,WashingtonDC6D,38.898,-76.927
6D224194,Multiple_Gunshots,7/10/2018,0:36:54,WashingtonDC6D,38.903,-76.942
3D74163,Gunshot_or_Firecracker,7/10/2018,16:23:40,WashingtonDC3D,38.918,-77.017
7D289739,Multiple_Gunshots,7/10/2018,19:13:13,WashingtonDC7D,38.86,-76.995
5D96047,Multiple_Gunshots,7/10/2018,19:57:54,WashingtonDC5D,38.898,-76.98
7D289800,Gunshot_or_Firecracker,7/10/2018,20:26:38,WashingtonDC7D,38.828,-77.002
6D224523,Gunshot_or_Firecracker,7/10/2018,23:37:38,WashingtonDC6D,38.896,-76.927
7D289966,Multiple_Gunshots,7/11/2018,1:37:03,WashingtonDC7D,38.855,-76.971
6D224564,Single_Gunshot,7/11/2018,2:34:41,WashingtonDC6D,38.898,-76.941
7D290011,Single_Gunshot,7/11/2018,15:33:47,WashingtonDC7D,38.828,-77.003
5D96160,Single_Gunshot,7/11/2018,16:16:37,WashingtonDC5D,38.916,-77.006
7D290019,Gunshot_or_Firecracker,7/11/2018,17:45:05,WashingtonDC7D,38.828,-77
7D290020,Single_Gunshot,7/11/2018,17:45:17,WashingtonDC7D,38.827,-77
5D96172,Single_Gunshot,7/11/2018,19:31:11,WashingtonDC5D,38.904,-76.975
7D290215,Gunshot_or_Firecracker,7/11/2018,21:41:49,WashingtonDC7D,38.838,-76.99
7D290250,Single_Gunshot,7/11/2018,22:04:29,WashingtonDC7D,38.838,-76.99
5D96211,Multiple_Gunshots,7/11/2018,22:58:06,WashingtonDC5D,38.925,-76.986
5D96212,Gunshot_or_Firecracker,7/11/2018,22:58:27,WashingtonDC5D,38.924,-76.985
6D224822,Gunshot_or_Firecracker,7/12/2018,4:35:33,WashingtonDC6D,38.87,-76.978
6D224824,Single_Gunshot,7/12/2018,4:35:47,WashingtonDC6D,38.87,-76.978
1D103279,Multiple_Gunshots,7/12/2018,16:02:28,WashingtonDC1D,38.878,-77.019
5D96369,Multiple_Gunshots,7/12/2018,22:17:00,WashingtonDC5D,38.9,-76.974
5D96370,Multiple_Gunshots,7/12/2018,22:17:06,WashingtonDC5D,38.9,-76.973
6D225063,Multiple_Gunshots,7/12/2018,22:28:59,WashingtonDC6D,38.878,-76.939
5D96373,Multiple_Gunshots,7/12/2018,22:32:52,WashingtonDC5D,38.906,-77.011
6D225099,Multiple_Gunshots,7/12/2018,23:18:39,WashingtonDC6D,38.896,-76.927
5D96389,Single_Gunshot,7/13/2018,0:05:53,WashingtonDC5D,38.921,-76.976
6D225120,Gunshot_or_Firecracker,7/13/2018,0:11:02,WashingtonDC6D,38.89,-76.954
7D290665,Multiple_Gunshots,7/13/2018,1:08:24,WashingtonDC7D,38.837,-77.004
6D225146,Multiple_Gunshots,7/13/2018,2:24:00,WashingtonDC6D,38.884,-76.924
6D225147,Multiple_Gunshots,7/13/2018,2:30:35,WashingtonDC6D,38.882,-76.936
7D290706,Single_Gunshot,7/13/2018,13:30:43,WashingtonDC7D,38.845,-76.972
6D225171,Multiple_Gunshots,7/13/2018,17:56:37,WashingtonDC6D,38.876,-76.932
4D74681,Single_Gunshot,7/13/2018,17:59:49,WashingtonDC4D,38.95,-77.024
5D96436,Gunshot_or_Firecracker,7/13/2018,20:32:48,WashingtonDC5D,38.898,-76.982
7D290982,Single_Gunshot,7/13/2018,22:48:33,WashingtonDC7D,38.837,-76.991
6D225445,Multiple_Gunshots,7/13/2018,23:08:35,WashingtonDC6D,38.876,-76.933
6D225494,Multiple_Gunshots,7/13/2018,23:52:56,WashingtonDC6D,38.903,-76.93
5D96468,Multiple_Gunshots,7/14/2018,0:05:13,WashingtonDC5D,38.902,-76.984
7D291050,Gunshot_or_Firecracker,7/14/2018,0:34:23,WashingtonDC7D,38.844,-77.002
6D225504,Single_Gunshot,7/14/2018,1:11:13,WashingtonDC6D,38.885,-76.93
6D225505,Multiple_Gunshots,7/14/2018,1:20:48,WashingtonDC6D,38.91,-76.934
7D291069,Multiple_Gunshots,7/14/2018,3:33:00,WashingtonDC7D,38.832,-77
3D74419,Gunshot_or_Firecracker,7/14/2018,5:32:56,WashingtonDC3D,38.925,-77.023
4D74742,Multiple_Gunshots,7/14/2018,16:13:11,WashingtonDC4D,38.956,-77.02
6D225597,Single_Gunshot,7/14/2018,18:39:56,WashingtonDC6D,38.894,-76.923
6D225612,Single_Gunshot,7/14/2018,19:51:51,WashingtonDC6D,38.893,-76.925
5D96516,Gunshot_or_Firecracker,7/14/2018,20:07:06,WashingtonDC5D,38.905,-76.975
5D96528,Single_Gunshot,7/14/2018,20:53:05,WashingtonDC5D,38.93,-76.967
6D225770,Multiple_Gunshots,7/14/2018,22:18:54,WashingtonDC6D,38.896,-76.927
4D74780,Gunshot_or_Firecracker,7/14/2018,22:49:44,WashingtonDC4D,38.955,-77.02
7D291441,Single_Gunshot,7/14/2018,23:03:16,WashingtonDC7D,38.827,-77
7D291462,Single_Gunshot,7/15/2018,0:11:46,WashingtonDC7D,38.844,-76.977
7D291463,Gunshot_or_Firecracker,7/15/2018,0:11:56,WashingtonDC7D,38.844,-76.977
4D74791,Single_Gunshot,7/15/2018,0:38:51,WashingtonDC4D,38.95,-77.024
7D291486,Multiple_Gunshots,7/15/2018,1:02:01,WashingtonDC7D,38.848,-76.981
7D291488,Multiple_Gunshots,7/15/2018,1:02:09,WashingtonDC7D,38.847,-76.979
7D291487,Multiple_Gunshots,7/15/2018,1:02:12,WashingtonDC7D,38.846,-76.979
5D96596,Multiple_Gunshots,7/15/2018,2:05:33,WashingtonDC5D,38.926,-76.969
5D96600,Single_Gunshot,7/15/2018,2:54:47,WashingtonDC5D,38.907,-77.002
7D291507,Multiple_Gunshots,7/15/2018,3:49:14,WashingtonDC7D,38.856,-76.972
7D291508,Multiple_Gunshots,7/15/2018,3:49:26,WashingtonDC7D,38.856,-76.972
7D291509,Multiple_Gunshots,7/15/2018,3:49:49,WashingtonDC7D,38.856,-76.972
7D291540,Single_Gunshot,7/15/2018,14:47:35,WashingtonDC7D,38.83,-76.996
7D291541,Single_Gunshot,7/15/2018,14:47:38,WashingtonDC7D,38.83,-76.996
7D291543,Single_Gunshot,7/15/2018,14:47:40,WashingtonDC7D,38.83,-76.996
6D225922,Multiple_Gunshots,7/15/2018,16:06:52,WashingtonDC6D,38.901,-76.931
7D291553,Multiple_Gunshots,7/15/2018,16:43:06,WashingtonDC7D,38.852,-76.966
6D225981,Multiple_Gunshots,7/15/2018,19:28:54,WashingtonDC6D,38.898,-76.938
7D291620,Multiple_Gunshots,7/15/2018,19:51:12,WashingtonDC7D,38.85,-76.973
7D291623,Multiple_Gunshots,7/15/2018,19:51:39,WashingtonDC7D,38.85,-76.973
7D291676,Gunshot_or_Firecracker,7/15/2018,20:18:10,WashingtonDC7D,38.835,-76.988
1D103486,Single_Gunshot,7/15/2018,20:42:15,WashingtonDC1D,38.874,-77.013
7D291776,Multiple_Gunshots,7/15/2018,21:04:41,WashingtonDC7D,38.845,-76.972
6D226061,Multiple_Gunshots,7/15/2018,21:51:28,WashingtonDC6D,38.884,-76.955
7D291857,Multiple_Gunshots,7/16/2018,0:33:58,WashingtonDC7D,38.862,-76.983
7D291859,Multiple_Gunshots,7/16/2018,0:40:39,WashingtonDC7D,38.85,-76.977
6D226169,Gunshot_or_Firecracker,7/16/2018,2:40:16,WashingtonDC6D,38.896,-76.926
5D96657,Multiple_Gunshots,7/16/2018,3:09:07,WashingtonDC5D,38.903,-77.01
7D291880,Single_Gunshot,7/16/2018,13:58:46,WashingtonDC7D,38.843,-76.986
7D291908,Multiple_Gunshots,7/16/2018,18:53:25,WashingtonDC7D,38.861,-76.983
6D226274,Multiple_Gunshots,7/16/2018,20:00:38,WashingtonDC6D,38.894,-76.925
6D226275,Multiple_Gunshots,7/16/2018,20:00:47,WashingtonDC6D,38.894,-76.925
5D96695,Multiple_Gunshots,7/16/2018,22:56:56,WashingtonDC5D,38.912,-77.015
7D292023,Single_Gunshot,7/16/2018,23:55:31,WashingtonDC7D,38.848,-76.972
3D74523,Multiple_Gunshots,7/17/2018,0:01:28,WashingtonDC3D,38.925,-77.032
7D292025,Multiple_Gunshots,7/17/2018,1:03:04,WashingtonDC7D,38.846,-76.973
7D292026,Multiple_Gunshots,7/17/2018,1:05:30,WashingtonDC7D,38.863,-76.983
6D226326,Multiple_Gunshots,7/17/2018,1:08:01,WashingtonDC6D,38.885,-76.958
7D292032,Single_Gunshot,7/17/2018,12:11:32,WashingtonDC7D,38.828,-76.998
7D292055,Gunshot_or_Firecracker,7/17/2018,17:01:11,WashingtonDC7D,38.867,-76.979
7D292089,Gunshot_or_Firecracker,7/17/2018,20:16:09,WashingtonDC7D,38.833,-76.995
7D292090,Multiple_Gunshots,7/17/2018,20:19:56,WashingtonDC7D,38.832,-76.992
6D226426,Multiple_Gunshots,7/17/2018,22:11:05,WashingtonDC6D,38.876,-76.964
7D292198,Multiple_Gunshots,7/18/2018,14:06:07,WashingtonDC7D,38.842,-76.987
6D226470,Multiple_Gunshots,7/18/2018,17:02:38,WashingtonDC6D,38.884,-76.936
7D292214,Single_Gunshot,7/18/2018,19:26:46,WashingtonDC7D,38.857,-76.972
7D292287,Multiple_Gunshots,7/18/2018,21:36:51,WashingtonDC7D,38.845,-77.001
7D292288,Multiple_Gunshots,7/18/2018,21:36:53,WashingtonDC7D,38.845,-77
5D96827,Gunshot_or_Firecracker,7/19/2018,21:10:06,WashingtonDC5D,38.9,-76.983
4D74983,Gunshot_or_Firecracker,7/20/2018,0:11:42,WashingtonDC4D,38.947,-77.022
6D226749,Single_Gunshot,7/20/2018,0:14:48,WashingtonDC6D,38.886,-76.948
7D292472,Single_Gunshot,7/20/2018,0:50:09,WashingtonDC7D,38.837,-76.993
7D292473,Multiple_Gunshots,7/20/2018,0:50:17,WashingtonDC7D,38.837,-76.993
7D292474,Multiple_Gunshots,7/20/2018,0:50:21,WashingtonDC7D,38.846,-76.979
7D292475,Multiple_Gunshots,7/20/2018,0:50:22,WashingtonDC7D,38.846,-76.977
7D292476,Multiple_Gunshots,7/20/2018,0:50:24,WashingtonDC7D,38.837,-76.993
7D292477,Multiple_Gunshots,7/20/2018,0:52:30,WashingtonDC7D,38.836,-77.001
7D292481,Multiple_Gunshots,7/20/2018,1:19:45,WashingtonDC7D,38.841,-76.987
6D226753,Single_Gunshot,7/20/2018,2:49:32,WashingtonDC6D,38.895,-76.927
6D226755,Multiple_Gunshots,7/20/2018,3:41:25,WashingtonDC6D,38.893,-76.913
5D96837,Single_Gunshot,7/20/2018,3:43:02,WashingtonDC5D,38.92,-77.001
7D292486,Multiple_Gunshots,7/20/2018,4:13:41,WashingtonDC7D,38.842,-77.001
3D74576,Multiple_Gunshots,7/20/2018,4:22:57,WashingtonDC3D,38.927,-77.023
3D74577,Single_Gunshot,7/20/2018,4:23:02,WashingtonDC3D,38.926,-77.023
3D74578,Multiple_Gunshots,7/20/2018,4:23:07,WashingtonDC3D,38.927,-77.025
3D74580,Multiple_Gunshots,7/20/2018,4:23:11,WashingtonDC3D,38.927,-77.024
3D74581,Multiple_Gunshots,7/20/2018,4:23:20,WashingtonDC3D,38.927,-77.023
6D226759,Single_Gunshot,7/20/2018,4:57:13,WashingtonDC6D,38.897,-76.94
7D292509,Single_Gunshot,7/20/2018,14:21:27,WashingtonDC7D,38.827,-77.003
7D292516,Gunshot_or_Firecracker,7/20/2018,15:30:51,WashingtonDC7D,38.852,-76.967
7D292531,Single_Gunshot,7/20/2018,16:51:41,WashingtonDC7D,38.868,-76.971
5D96930,Multiple_Gunshots,7/20/2018,22:13:01,WashingtonDC5D,38.905,-76.975
5D96932,Multiple_Gunshots,7/20/2018,22:13:07,WashingtonDC5D,38.905,-76.975
3D74602,Multiple_Gunshots,7/21/2018,0:37:59,WashingtonDC3D,38.912,-77.02
3D74603,Multiple_Gunshots,7/21/2018,0:38:06,WashingtonDC3D,38.911,-77.02
4D75033,Multiple_Gunshots,7/21/2018,1:05:45,WashingtonDC4D,38.94,-77.016
6D226952,Multiple_Gunshots,7/21/2018,2:40:40,WashingtonDC6D,38.892,-76.927
6D226953,Multiple_Gunshots,7/21/2018,2:43:22,WashingtonDC6D,38.897,-76.938
7D292701,Single_Gunshot,7/21/2018,3:40:06,WashingtonDC7D,38.832,-77.004
6D226955,Single_Gunshot,7/21/2018,4:07:12,WashingtonDC6D,38.904,-76.932
6D226957,Multiple_Gunshots,7/21/2018,5:27:33,WashingtonDC6D,38.911,-76.937
7D292707,Multiple_Gunshots,7/21/2018,8:26:02,WashingtonDC7D,38.863,-76.982
7D292713,Multiple_Gunshots,7/21/2018,11:36:24,WashingtonDC7D,38.827,-77.003
5D96991,Multiple_Gunshots,7/21/2018,16:54:19,WashingtonDC5D,38.924,-76.982
5D96994,Multiple_Gunshots,7/21/2018,16:54:27,WashingtonDC5D,38.924,-76.982
5D96995,Single_Gunshot,7/21/2018,16:54:35,WashingtonDC5D,38.924,-76.982
6D226987,Gunshot_or_Firecracker,7/22/2018,3:19:41,WashingtonDC6D,38.885,-76.959
6D226997,Gunshot_or_Firecracker,7/22/2018,12:41:18,WashingtonDC6D,38.889,-76.94
7D292756,Single_Gunshot,7/22/2018,13:37:03,WashingtonDC7D,38.843,-77.002
7D292766,Single_Gunshot,7/22/2018,16:28:13,WashingtonDC7D,38.827,-77.001
7D292772,Multiple_Gunshots,7/22/2018,17:14:51,WashingtonDC7D,38.844,-76.98
7D292773,Multiple_Gunshots,7/22/2018,17:51:51,WashingtonDC7D,38.866,-76.982
6D227060,Multiple_Gunshots,7/22/2018,21:22:07,WashingtonDC6D,38.896,-76.927
6D227061,Single_Gunshot,7/22/2018,21:26:13,WashingtonDC6D,38.896,-76.927
7D292845,Single_Gunshot,7/22/2018,21:39:19,WashingtonDC7D,38.849,-76.973
6D227069,Gunshot_or_Firecracker,7/22/2018,21:45:44,WashingtonDC6D,38.905,-76.949
7D292854,Gunshot_or_Firecracker,7/22/2018,22:29:43,WashingtonDC7D,38.826,-77.003
6D227084,Multiple_Gunshots,7/23/2018,0:23:59,WashingtonDC6D,38.867,-76.969
3D74635,Single_Gunshot,7/23/2018,2:08:21,WashingtonDC3D,38.918,-77.025
6D227092,Multiple_Gunshots,7/23/2018,2:17:55,WashingtonDC6D,38.893,-76.919
6D227093,Multiple_Gunshots,7/23/2018,2:17:58,WashingtonDC6D,38.893,-76.918
7D292873,Multiple_Gunshots,7/23/2018,2:56:53,WashingtonDC7D,38.862,-76.988
7D292874,Single_Gunshot,7/23/2018,4:03:39,WashingtonDC7D,38.827,-76.998
6D227104,Multiple_Gunshots,7/23/2018,13:10:08,WashingtonDC6D,38.889,-76.926
6D227103,Multiple_Gunshots,7/23/2018,13:10:11,WashingtonDC6D,38.894,-76.921
6D227112,Single_Gunshot,7/23/2018,16:14:04,WashingtonDC6D,38.872,-76.978
1D103920,Single_Gunshot,7/23/2018,22:14:34,WashingtonDC1D,38.874,-77.018
7D292950,Multiple_Gunshots,7/23/2018,23:11:08,WashingtonDC7D,38.828,-77.006
7D292951,Multiple_Gunshots,7/23/2018,23:18:51,WashingtonDC7D,38.853,-76.97
1D103927,Single_Gunshot,7/23/2018,23:43:31,WashingtonDC1D,38.877,-77.015
1D103928,Single_Gunshot,7/23/2018,23:43:39,WashingtonDC1D,38.877,-77.015
7D292952,Single_Gunshot,7/24/2018,0:08:02,WashingtonDC7D,38.846,-76.999
7D292953,Single_Gunshot,7/24/2018,0:31:19,WashingtonDC7D,38.855,-76.969
7D292957,Single_Gunshot,7/24/2018,1:12:52,WashingtonDC7D,38.83,-77.001
7D292963,Gunshot_or_Firecracker,7/24/2018,13:47:05,WashingtonDC7D,38.844,-76.987
3D74652,Multiple_Gunshots,7/24/2018,20:13:45,WashingtonDC3D,38.91,-77.023
3D74655,Single_Gunshot,7/24/2018,20:19:04,WashingtonDC3D,38.926,-77.027
6D227182,Multiple_Gunshots,7/24/2018,21:29:38,WashingtonDC6D,38.884,-76.932
6D227183,Multiple_Gunshots,7/24/2018,21:29:40,WashingtonDC6D,38.877,-76.932
4D75095,Multiple_Gunshots,7/24/2018,21:36:20,WashingtonDC4D,38.938,-77.028
7D293016,Multiple_Gunshots,7/25/2018,1:03:11,WashingtonDC7D,38.832,-77.007
7D293024,Single_Gunshot,7/25/2018,2:36:51,WashingtonDC7D,38.846,-76.973
5D97124,Multiple_Gunshots,7/25/2018,16:54:19,WashingtonDC5D,38.924,-76.986
7D293061,Multiple_Gunshots,7/25/2018,22:52:49,WashingtonDC7D,38.863,-76.983
6D227225,Single_Gunshot,7/26/2018,1:04:14,WashingtonDC6D,38.879,-76.927
5D97166,Multiple_Gunshots,7/26/2018,3:51:41,WashingtonDC5D,38.923,-76.989
7D293064,Multiple_Gunshots,7/26/2018,3:53:41,WashingtonDC7D,38.845,-76.998
6D227243,Gunshot_or_Firecracker,7/26/2018,10:30:40,WashingtonDC6D,38.885,-76.952
7D293100,Single_Gunshot,7/26/2018,14:20:20,WashingtonDC7D,38.853,-76.966
6D227282,Multiple_Gunshots,7/26/2018,20:29:14,WashingtonDC6D,38.895,-76.93
6D227289,Gunshot_or_Firecracker,7/26/2018,20:56:34,WashingtonDC6D,38.893,-76.919
7D293139,Single_Gunshot,7/26/2018,21:01:42,WashingtonDC7D,38.86,-76.995
7D293140,Multiple_Gunshots,7/26/2018,21:35:39,WashingtonDC7D,38.841,-76.993
7D293180,Single_Gunshot,7/27/2018,0:05:46,WashingtonDC7D,38.857,-76.973
6D227367,Single_Gunshot,7/27/2018,1:15:46,WashingtonDC6D,38.91,-76.939
6D227391,Single_Gunshot,7/27/2018,18:59:08,WashingtonDC6D,38.906,-76.948
7D293225,Gunshot_or_Firecracker,7/27/2018,19:21:59,WashingtonDC7D,38.868,-76.973
7D293318,Multiple_Gunshots,7/27/2018,21:48:31,WashingtonDC7D,38.828,-77.002
7D293320,Multiple_Gunshots,7/27/2018,21:50:47,WashingtonDC7D,38.843,-76.999
6D227431,Single_Gunshot,7/27/2018,23:01:01,WashingtonDC6D,38.911,-76.939
7D293375,Multiple_Gunshots,7/28/2018,2:03:23,WashingtonDC7D,38.867,-76.983
6D227455,Single_Gunshot,7/28/2018,3:24:40,WashingtonDC6D,38.869,-76.949
6D227458,Multiple_Gunshots,7/28/2018,4:04:07,WashingtonDC6D,38.893,-76.936
7D293381,Single_Gunshot,7/28/2018,5:33:00,WashingtonDC7D,38.845,-77
7D293383,Multiple_Gunshots,7/28/2018,7:15:33,WashingtonDC7D,38.861,-76.987
7D293400,Single_Gunshot,7/28/2018,15:24:10,WashingtonDC7D,38.845,-77
7D293412,Multiple_Gunshots,7/28/2018,18:40:07,WashingtonDC7D,38.866,-76.988
7D293413,Gunshot_or_Firecracker,7/28/2018,18:40:13,WashingtonDC7D,38.866,-76.989
6D227470,Single_Gunshot,7/28/2018,18:42:08,WashingtonDC6D,38.906,-76.948
6D227472,Single_Gunshot,7/28/2018,19:36:40,WashingtonDC6D,38.87,-76.949
6D227478,Multiple_Gunshots,7/28/2018,20:10:57,WashingtonDC6D,38.887,-76.953
6D227481,Single_Gunshot,7/28/2018,20:30:47,WashingtonDC6D,38.89,-76.953
7D293447,Single_Gunshot,7/28/2018,20:44:50,WashingtonDC7D,38.859,-76.996
6D227541,Multiple_Gunshots,7/28/2018,23:21:09,WashingtonDC6D,38.907,-76.95
5D97340,Gunshot_or_Firecracker,7/28/2018,23:25:15,WashingtonDC5D,38.897,-76.979
6D227542,Multiple_Gunshots,7/28/2018,23:43:13,WashingtonDC6D,38.895,-76.927
7D293545,Multiple_Gunshots,7/29/2018,0:18:49,WashingtonDC7D,38.848,-76.98
3D74739,Multiple_Gunshots,7/29/2018,0:32:10,WashingtonDC3D,38.908,-77.021
7D293553,Single_Gunshot,7/29/2018,0:36:28,WashingtonDC7D,38.847,-76.981
5D97346,Multiple_Gunshots,7/29/2018,0:47:27,WashingtonDC5D,38.902,-76.975
7D293555,Multiple_Gunshots,7/29/2018,1:02:49,WashingtonDC7D,38.846,-76.973
7D293556,Multiple_Gunshots,7/29/2018,1:02:57,WashingtonDC7D,38.848,-76.973
6D227546,Single_Gunshot,7/29/2018,1:18:05,WashingtonDC6D,38.888,-76.956
7D293557,Multiple_Gunshots,7/29/2018,1:37:13,WashingtonDC7D,38.845,-76.997
7D293558,Multiple_Gunshots,7/29/2018,1:37:15,WashingtonDC7D,38.845,-76.997
6D227547,Single_Gunshot,7/29/2018,2:01:41,WashingtonDC6D,38.879,-76.931
7D293562,Multiple_Gunshots,7/29/2018,2:40:04,WashingtonDC7D,38.83,-77.006
5D97350,Multiple_Gunshots,7/29/2018,3:06:00,WashingtonDC5D,38.917,-76.977
6D227549,Multiple_Gunshots,7/29/2018,3:11:19,WashingtonDC6D,38.911,-76.935
6D227550,Multiple_Gunshots,7/29/2018,3:12:15,WashingtonDC6D,38.91,-76.936
5D97351,Multiple_Gunshots,7/29/2018,3:17:16,WashingtonDC5D,38.919,-77.01
7D293565,Multiple_Gunshots,7/29/2018,4:07:48,WashingtonDC7D,38.838,-76.989
6D227551,Multiple_Gunshots,7/29/2018,5:15:26,WashingtonDC6D,38.888,-76.936
7D293574,Multiple_Gunshots,7/29/2018,11:43:08,WashingtonDC7D,38.866,-76.985
6D227637,Multiple_Gunshots,7/29/2018,23:03:09,WashingtonDC6D,38.869,-76.973
6D227643,Multiple_Gunshots,7/29/2018,23:14:18,WashingtonDC6D,38.883,-76.938
7D293662,Gunshot_or_Firecracker,7/30/2018,1:21:44,WashingtonDC7D,38.848,-76.974
6D227652,Gunshot_or_Firecracker,7/30/2018,3:18:27,WashingtonDC6D,38.869,-76.948
6D227655,Single_Gunshot,7/30/2018,5:24:26,WashingtonDC6D,38.891,-76.953
7D293665,Single_Gunshot,7/30/2018,5:44:06,WashingtonDC7D,38.831,-77.007
7D293690,Multiple_Gunshots,7/30/2018,17:31:48,WashingtonDC7D,38.85,-76.975
6D227690,Multiple_Gunshots,7/30/2018,23:09:01,WashingtonDC6D,38.882,-76.939
5D97446,Single_Gunshot,7/31/2018,1:30:53,WashingtonDC5D,38.922,-76.989
6D227695,Single_Gunshot,7/31/2018,1:49:23,WashingtonDC6D,38.903,-76.933
7D293704,Single_Gunshot,7/31/2018,10:55:08,WashingtonDC7D,38.827,-76.998
7D293740,Multiple_Gunshots,7/31/2018,19:16:13,WashingtonDC7D,38.848,-76.978
5D97480,Single_Gunshot,7/31/2018,20:16:38,WashingtonDC5D,38.905,-77.01
4D75271,Multiple_Gunshots,7/31/2018,21:17:52,WashingtonDC4D,38.937,-77.027
6D227750,Multiple_Gunshots,8/1/2018,0:55:12,WashingtonDC6D,38.904,-76.948
5D97517,Multiple_Gunshots,8/1/2018,1:50:32,WashingtonDC5D,38.905,-77.014
7D293768,Single_Gunshot,8/1/2018,2:00:04,WashingtonDC7D,38.827,-76.999
6D227752,Multiple_Gunshots,8/1/2018,3:46:12,WashingtonDC6D,38.879,-76.927
4D75274,Gunshot_or_Firecracker,8/1/2018,7:45:25,WashingtonDC4D,38.953,-77.024
3D74788,Single_Gunshot,8/1/2018,14:35:12,WashingtonDC3D,38.908,-77.019
5D97528,Gunshot_or_Firecracker,8/1/2018,16:08:19,WashingtonDC5D,38.902,-77.013
6D227772,Multiple_Gunshots,8/1/2018,17:49:35,WashingtonDC6D,38.88,-76.937
6D227777,Multiple_Gunshots,8/1/2018,18:16:18,WashingtonDC6D,38.901,-76.936
7D293803,Single_Gunshot,8/1/2018,23:33:03,WashingtonDC7D,38.84,-76.986
6D227799,Gunshot_or_Firecracker,8/2/2018,1:27:59,WashingtonDC6D,38.894,-76.923
6D227800,Multiple_Gunshots,8/2/2018,1:28:10,WashingtonDC6D,38.894,-76.923
6D227802,Single_Gunshot,8/2/2018,1:35:09,WashingtonDC6D,38.894,-76.923
6D227804,Multiple_Gunshots,8/2/2018,2:16:53,WashingtonDC6D,38.911,-76.939
7D293809,Multiple_Gunshots,8/2/2018,5:02:21,WashingtonDC7D,38.832,-76.997
7D293828,Single_Gunshot,8/2/2018,16:08:12,WashingtonDC7D,38.842,-76.985
5D97589,Single_Gunshot,8/2/2018,20:46:02,WashingtonDC5D,38.905,-77.01
5D97594,Multiple_Gunshots,8/2/2018,20:59:59,WashingtonDC5D,38.906,-77.009
7D293908,Multiple_Gunshots,8/2/2018,22:43:02,WashingtonDC7D,38.848,-76.969
7D293910,Multiple_Gunshots,8/3/2018,0:11:22,WashingtonDC7D,38.848,-76.979
7D293911,Single_Gunshot,8/3/2018,1:27:33,WashingtonDC7D,38.825,-76.999
7D293912,Single_Gunshot,8/3/2018,1:27:45,WashingtonDC7D,38.826,-76.999
7D293914,Multiple_Gunshots,8/3/2018,2:16:25,WashingtonDC7D,38.851,-76.971
6D227864,Gunshot_or_Firecracker,8/3/2018,12:28:25,WashingtonDC6D,38.879,-76.931
6D227865,Multiple_Gunshots,8/3/2018,12:34:54,WashingtonDC6D,38.883,-76.94
7D293933,Single_Gunshot,8/3/2018,14:06:13,WashingtonDC7D,38.845,-76.979
7D293934,Single_Gunshot,8/3/2018,14:07:03,WashingtonDC7D,38.846,-76.981
7D293935,Single_Gunshot,8/3/2018,14:13:57,WashingtonDC7D,38.844,-76.989
7D293939,Multiple_Gunshots,8/3/2018,14:55:15,WashingtonDC7D,38.842,-76.993
7D293945,Multiple_Gunshots,8/3/2018,15:14:11,WashingtonDC7D,38.834,-76.988
3D74813,Multiple_Gunshots,8/3/2018,16:15:16,WashingtonDC3D,38.907,-77.021
6D227868,Gunshot_or_Firecracker,8/3/2018,16:35:36,WashingtonDC6D,38.884,-76.948
7D293954,Multiple_Gunshots,8/3/2018,16:48:28,WashingtonDC7D,38.847,-76.97
6D227870,Gunshot_or_Firecracker,8/3/2018,19:40:45,WashingtonDC6D,38.904,-76.948
7D293967,Gunshot_or_Firecracker,8/3/2018,19:53:21,WashingtonDC7D,38.844,-76.978
7D293968,Multiple_Gunshots,8/3/2018,19:53:28,WashingtonDC7D,38.845,-76.978
7D293972,Gunshot_or_Firecracker,8/3/2018,20:36:07,WashingtonDC7D,38.851,-76.967
7D293990,Gunshot_or_Firecracker,8/3/2018,21:27:03,WashingtonDC7D,38.855,-76.969
7D293991,Single_Gunshot,8/3/2018,21:27:12,WashingtonDC7D,38.867,-76.982
6D227892,Multiple_Gunshots,8/3/2018,22:04:45,WashingtonDC6D,38.865,-76.946
7D294015,Multiple_Gunshots,8/3/2018,22:20:16,WashingtonDC7D,38.834,-76.996
7D294016,Multiple_Gunshots,8/3/2018,22:20:24,WashingtonDC7D,38.834,-76.996
7D294027,Single_Gunshot,8/3/2018,22:40:24,WashingtonDC7D,38.868,-76.973
7D294029,Multiple_Gunshots,8/3/2018,22:52:22,WashingtonDC7D,38.847,-76.97
5D97618,Gunshot_or_Firecracker,8/3/2018,23:25:23,WashingtonDC5D,38.907,-76.989
5D97621,Multiple_Gunshots,8/4/2018,0:18:32,WashingtonDC5D,38.906,-77.013
4D75302,Multiple_Gunshots,8/4/2018,0:47:35,WashingtonDC4D,38.952,-77.024
7D294032,Multiple_Gunshots,8/4/2018,0:48:06,WashingtonDC7D,38.845,-76.979
7D294033,Multiple_Gunshots,8/4/2018,0:48:33,WashingtonDC7D,38.846,-76.979
6D227918,Multiple_Gunshots,8/4/2018,1:56:04,WashingtonDC6D,38.866,-76.945
4D75303,Multiple_Gunshots,8/4/2018,2:10:16,WashingtonDC4D,38.939,-77.02
7D294035,Multiple_Gunshots,8/4/2018,3:28:40,WashingtonDC7D,38.848,-76.976
5D97625,Gunshot_or_Firecracker,8/4/2018,13:50:15,WashingtonDC5D,38.898,-76.973
5D97626,Multiple_Gunshots,8/4/2018,13:50:18,WashingtonDC5D,38.898,-76.973
5D97627,Gunshot_or_Firecracker,8/4/2018,13:50:26,WashingtonDC5D,38.898,-76.973
7D294059,Single_Gunshot,8/4/2018,19:18:40,WashingtonDC7D,38.846,-76.971
5D97643,Single_Gunshot,8/4/2018,23:23:14,WashingtonDC5D,38.924,-76.971
6D228003,Single_Gunshot,8/4/2018,23:38:14,WashingtonDC6D,38.872,-76.968
5D97650,Single_Gunshot,8/5/2018,0:53:41,WashingtonDC5D,38.907,-76.986
7D294142,Single_Gunshot,8/5/2018,1:16:22,WashingtonDC7D,38.831,-77
7D294144,Single_Gunshot,8/5/2018,2:01:11,WashingtonDC7D,38.828,-77.006
5D97652,Multiple_Gunshots,8/5/2018,2:35:51,WashingtonDC5D,38.898,-76.976
7D294152,Single_Gunshot,8/5/2018,3:01:28,WashingtonDC7D,38.851,-76.973
6D228013,Single_Gunshot,8/5/2018,3:08:35,WashingtonDC6D,38.894,-76.954
3D74839,Multiple_Gunshots,8/5/2018,3:13:34,WashingtonDC3D,38.915,-77.024
5D97655,Multiple_Gunshots,8/5/2018,3:45:26,WashingtonDC5D,38.92,-76.981
7D294154,Multiple_Gunshots,8/5/2018,4:07:34,WashingtonDC7D,38.828,-76.996
7D294155,Multiple_Gunshots,8/5/2018,4:07:35,WashingtonDC7D,38.828,-76.996
7D294156,Multiple_Gunshots,8/5/2018,4:07:38,WashingtonDC7D,38.828,-76.994
7D294164,Single_Gunshot,8/5/2018,11:21:13,WashingtonDC7D,38.851,-76.971
7D294165,Single_Gunshot,8/5/2018,11:21:30,WashingtonDC7D,38.851,-76.971
6D228024,Multiple_Gunshots,8/5/2018,13:35:19,WashingtonDC6D,38.869,-76.979
7D294167,Multiple_Gunshots,8/5/2018,13:35:20,WashingtonDC7D,38.867,-76.978
7D294168,Multiple_Gunshots,8/5/2018,13:35:26,WashingtonDC7D,38.869,-76.978
1D104341,Multiple_Gunshots,8/5/2018,22:46:10,WashingtonDC1D,38.879,-77.015
7D294197,Multiple_Gunshots,8/5/2018,22:53:37,WashingtonDC7D,38.859,-76.994
7D294212,Single_Gunshot,8/6/2018,10:21:10,WashingtonDC7D,38.851,-76.975
7D294218,Multiple_Gunshots,8/6/2018,14:21:05,WashingtonDC7D,38.842,-76.992
7D294234,Single_Gunshot,8/6/2018,22:54:23,WashingtonDC7D,38.832,-76.996
7D294236,Multiple_Gunshots,8/6/2018,23:30:48,WashingtonDC7D,38.861,-76.991
7D294237,Multiple_Gunshots,8/6/2018,23:30:52,WashingtonDC7D,38.862,-76.991
6D228128,Multiple_Gunshots,8/6/2018,23:37:21,WashingtonDC6D,38.906,-76.948
7D294238,Single_Gunshot,8/6/2018,23:42:05,WashingtonDC7D,38.842,-77.002
6D228134,Multiple_Gunshots,8/7/2018,1:13:54,WashingtonDC6D,38.886,-76.949
6D228195,Gunshot_or_Firecracker,8/7/2018,21:22:25,WashingtonDC6D,38.872,-76.968
7D294301,Gunshot_or_Firecracker,8/7/2018,21:29:48,WashingtonDC7D,38.864,-76.991
6D228201,Single_Gunshot,8/7/2018,23:12:52,WashingtonDC6D,38.873,-76.971
6D228203,Multiple_Gunshots,8/7/2018,23:54:02,WashingtonDC6D,38.91,-76.937
7D294308,Multiple_Gunshots,8/8/2018,0:27:25,WashingtonDC7D,38.826,-77.003
4D75377,Multiple_Gunshots,8/8/2018,1:33:35,WashingtonDC4D,38.947,-77.025
4D75378,Multiple_Gunshots,8/8/2018,1:33:38,WashingtonDC4D,38.947,-77.025
3D74895,Multiple_Gunshots,8/8/2018,4:36:29,WashingtonDC3D,38.929,-77.024
6D228211,Single_Gunshot,8/8/2018,4:55:37,WashingtonDC6D,38.89,-76.958
5D97776,Multiple_Gunshots,8/8/2018,14:06:23,WashingtonDC5D,38.922,-77.003
6D228226,Gunshot_or_Firecracker,8/8/2018,18:06:45,WashingtonDC6D,38.872,-76.961
6D228251,Multiple_Gunshots,8/8/2018,21:25:51,WashingtonDC6D,38.893,-76.928
7D294361,Single_Gunshot,8/8/2018,22:18:56,WashingtonDC7D,38.837,-76.99
7D294362,Single_Gunshot,8/8/2018,22:19:04,WashingtonDC7D,38.837,-76.99
3D74915,Multiple_Gunshots,8/9/2018,0:47:58,WashingtonDC3D,38.927,-77.022
3D74916,Single_Gunshot,8/9/2018,0:48:20,WashingtonDC3D,38.927,-77.023
6D228255,Single_Gunshot,8/9/2018,1:04:00,WashingtonDC6D,38.884,-76.933
6D228256,Multiple_Gunshots,8/9/2018,1:04:55,WashingtonDC6D,38.884,-76.933
6D228257,Multiple_Gunshots,8/9/2018,1:05:40,WashingtonDC6D,38.884,-76.933
6D228258,Multiple_Gunshots,8/9/2018,1:06:19,WashingtonDC6D,38.884,-76.933
6D228259,Gunshot_or_Firecracker,8/9/2018,1:53:21,WashingtonDC6D,38.886,-76.952
6D228262,Multiple_Gunshots,8/9/2018,4:09:27,WashingtonDC6D,38.911,-76.937
5D97786,Multiple_Gunshots,8/9/2018,10:42:33,WashingtonDC5D,38.904,-76.988
7D294376,Single_Gunshot,8/9/2018,16:35:35,WashingtonDC7D,38.861,-76.994
5D97796,Multiple_Gunshots,8/9/2018,21:05:00,WashingtonDC5D,38.916,-77.004
6D228290,Multiple_Gunshots,8/9/2018,21:53:56,WashingtonDC6D,38.892,-76.914
6D228327,Multiple_Gunshots,8/10/2018,1:14:52,WashingtonDC6D,38.881,-76.936
1D104510,Multiple_Gunshots,8/10/2018,1:30:02,WashingtonDC1D,38.874,-77.011
6D228328,Multiple_Gunshots,8/10/2018,2:37:23,WashingtonDC6D,38.903,-76.923
6D228331,Multiple_Gunshots,8/10/2018,2:42:15,WashingtonDC6D,38.87,-76.949
7D294410,Multiple_Gunshots,8/10/2018,3:45:31,WashingtonDC7D,38.843,-76.979
6D228333,Multiple_Gunshots,8/10/2018,4:06:31,WashingtonDC6D,38.901,-76.921
7D294437,Single_Gunshot,8/10/2018,20:19:43,WashingtonDC7D,38.834,-76.996
6D228372,Multiple_Gunshots,8/10/2018,20:35:48,WashingtonDC6D,38.903,-76.935
7D294455,Multiple_Gunshots,8/10/2018,21:31:16,WashingtonDC7D,38.852,-76.974
6D228464,Multiple_Gunshots,8/11/2018,0:33:09,WashingtonDC6D,38.904,-76.95
6D228465,Single_Gunshot,8/11/2018,0:43:22,WashingtonDC6D,38.875,-76.97
7D294570,Multiple_Gunshots,8/11/2018,1:34:47,WashingtonDC7D,38.829,-76.995
3D74949,Gunshot_or_Firecracker,8/11/2018,3:03:56,WashingtonDC3D,38.928,-77.03
7D294571,Single_Gunshot,8/11/2018,3:05:43,WashingtonDC7D,38.827,-76.998
5D97837,Multiple_Gunshots,8/11/2018,3:19:27,WashingtonDC5D,38.9,-76.984
7D294577,Single_Gunshot,8/11/2018,4:06:49,WashingtonDC7D,38.855,-76.971
5D97838,Multiple_Gunshots,8/11/2018,4:08:29,WashingtonDC5D,38.924,-76.97
5D97840,Multiple_Gunshots,8/11/2018,4:08:34,WashingtonDC5D,38.924,-76.972
5D97839,Multiple_Gunshots,8/11/2018,4:08:35,WashingtonDC5D,38.924,-76.971
6D228472,Single_Gunshot,8/11/2018,9:51:13,WashingtonDC6D,38.907,-76.948
6D228473,Multiple_Gunshots,8/11/2018,9:51:28,WashingtonDC6D,38.907,-76.948
7D294582,Gunshot_or_Firecracker,8/11/2018,13:50:41,WashingtonDC7D,38.829,-76.994
7D294590,Gunshot_or_Firecracker,8/11/2018,15:36:30,WashingtonDC7D,38.837,-77.003
7D294640,Multiple_Gunshots,8/11/2018,22:25:28,WashingtonDC7D,38.86,-76.996
7D294671,Multiple_Gunshots,8/12/2018,0:19:17,WashingtonDC7D,38.829,-77.002
7D294672,Multiple_Gunshots,8/12/2018,0:19:25,WashingtonDC7D,38.829,-77.003
6D228535,Multiple_Gunshots,8/12/2018,0:28:01,WashingtonDC6D,38.887,-76.936
6D228540,Multiple_Gunshots,8/12/2018,1:43:29,WashingtonDC6D,38.895,-76.927
6D228541,Single_Gunshot,8/12/2018,2:03:20,WashingtonDC6D,38.888,-76.956
1D104562,Multiple_Gunshots,8/12/2018,2:08:52,WashingtonDC1D,38.873,-77.015
6D228543,Multiple_Gunshots,8/12/2018,2:15:38,WashingtonDC6D,38.889,-76.953
6D228544,Multiple_Gunshots,8/12/2018,2:24:05,WashingtonDC6D,38.9,-76.942
6D228549,Multiple_Gunshots,8/12/2018,4:52:16,WashingtonDC6D,38.903,-76.95
4D75437,Gunshot_or_Firecracker,8/12/2018,14:54:30,WashingtonDC4D,38.949,-77.024
6D228593,Multiple_Gunshots,8/12/2018,20:12:20,WashingtonDC6D,38.904,-76.951
6D228594,Multiple_Gunshots,8/12/2018,20:12:24,WashingtonDC6D,38.904,-76.951
7D294752,Gunshot_or_Firecracker,8/12/2018,22:29:07,WashingtonDC7D,38.856,-76.974
7D294766,Multiple_Gunshots,8/12/2018,23:45:01,WashingtonDC7D,38.863,-76.983
7D294772,Single_Gunshot,8/13/2018,1:52:22,WashingtonDC7D,38.834,-77.003
7D294778,Gunshot_or_Firecracker,8/13/2018,4:59:30,WashingtonDC7D,38.845,-76.999
6D228605,Single_Gunshot,8/13/2018,5:26:33,WashingtonDC6D,38.89,-76.953
7D294792,Gunshot_or_Firecracker,8/13/2018,14:50:01,WashingtonDC7D,38.859,-76.995
6D228626,Multiple_Gunshots,8/13/2018,22:20:52,WashingtonDC6D,38.903,-76.949
6D228627,Multiple_Gunshots,8/13/2018,22:20:59,WashingtonDC6D,38.903,-76.948
6D228630,Single_Gunshot,8/13/2018,22:54:50,WashingtonDC6D,38.902,-76.93
7D294816,Single_Gunshot,8/13/2018,22:55:20,WashingtonDC7D,38.853,-76.966
6D228634,Single_Gunshot,8/14/2018,2:11:51,WashingtonDC6D,38.894,-76.924
6D228637,Multiple_Gunshots,8/14/2018,3:23:46,WashingtonDC6D,38.894,-76.923
6D228638,Single_Gunshot,8/14/2018,4:06:09,WashingtonDC6D,38.894,-76.925
6D228661,Single_Gunshot,8/14/2018,7:05:57,WashingtonDC6D,38.902,-76.932
5D97919,Multiple_Gunshots,8/14/2018,11:00:33,WashingtonDC5D,38.903,-76.976
5D97920,Single_Gunshot,8/14/2018,11:00:47,WashingtonDC5D,38.903,-76.976
7D294845,Multiple_Gunshots,8/14/2018,15:33:07,WashingtonDC7D,38.827,-76.998
7D294844,Multiple_Gunshots,8/14/2018,15:33:09,WashingtonDC7D,38.826,-76.998
5D97925,Gunshot_or_Firecracker,8/14/2018,18:59:15,WashingtonDC5D,38.927,-76.967
4D75478,Multiple_Gunshots,8/14/2018,20:43:59,WashingtonDC4D,38.931,-77.04
3D74998,Multiple_Gunshots,8/14/2018,20:43:59,WashingtonDC3D,38.932,-77.037
7D294863,Multiple_Gunshots,8/14/2018,22:04:24,WashingtonDC7D,38.863,-76.983
7D294865,Single_Gunshot,8/14/2018,22:22:44,WashingtonDC7D,38.842,-76.988
6D228699,Single_Gunshot,8/15/2018,1:52:49,WashingtonDC6D,38.905,-76.941
6D228700,Multiple_Gunshots,8/15/2018,2:06:11,WashingtonDC6D,38.868,-76.968
7D294906,Single_Gunshot,8/15/2018,21:37:26,WashingtonDC7D,38.827,-76.998
6D228726,Multiple_Gunshots,8/15/2018,21:37:57,WashingtonDC6D,38.888,-76.956
7D294908,Multiple_Gunshots,8/15/2018,22:01:23,WashingtonDC7D,38.848,-76.977
4D75488,Multiple_Gunshots,8/15/2018,22:16:33,WashingtonDC4D,38.958,-77.022
3D75013,Multiple_Gunshots,8/15/2018,23:31:13,WashingtonDC3D,38.927,-77.023
7D294940,Multiple_Gunshots,8/15/2018,23:47:45,WashingtonDC7D,38.841,-76.99
7D294941,Multiple_Gunshots,8/15/2018,23:47:47,WashingtonDC7D,38.841,-76.99
7D294942,Multiple_Gunshots,8/15/2018,23:56:12,WashingtonDC7D,38.829,-77.002
6D228741,Single_Gunshot,8/16/2018,1:50:00,WashingtonDC6D,38.893,-76.93
6D228743,Single_Gunshot,8/16/2018,2:26:55,WashingtonDC6D,38.89,-76.953
6D228746,Gunshot_or_Firecracker,8/16/2018,2:44:02,WashingtonDC6D,38.894,-76.95
7D294945,Multiple_Gunshots,8/16/2018,2:45:49,WashingtonDC7D,38.828,-77.002
6D228748,Single_Gunshot,8/16/2018,2:59:40,WashingtonDC6D,38.89,-76.951
5D97971,Multiple_Gunshots,8/16/2018,18:52:43,WashingtonDC5D,38.931,-76.971
6D228803,Multiple_Gunshots,8/16/2018,23:18:15,WashingtonDC6D,38.896,-76.927
6D228809,Gunshot_or_Firecracker,8/17/2018,0:38:00,WashingtonDC6D,38.886,-76.953
6D228813,Single_Gunshot,8/17/2018,1:09:57,WashingtonDC6D,38.893,-76.951
7D294994,Single_Gunshot,8/17/2018,1:11:40,WashingtonDC7D,38.849,-76.973
7D294995,Multiple_Gunshots,8/17/2018,1:24:49,WashingtonDC7D,38.861,-76.987
7D294997,Multiple_Gunshots,8/17/2018,2:10:13,WashingtonDC7D,38.834,-76.997
5D97993,Single_Gunshot,8/17/2018,17:31:46,WashingtonDC5D,38.896,-76.979
7D295010,Single_Gunshot,8/17/2018,18:43:02,WashingtonDC7D,38.834,-76.995
6D228831,Single_Gunshot,8/17/2018,20:26:50,WashingtonDC6D,38.894,-76.919
6D228840,Multiple_Gunshots,8/18/2018,0:53:34,WashingtonDC6D,38.886,-76.949
6D228841,Multiple_Gunshots,8/18/2018,1:54:27,WashingtonDC6D,38.865,-76.95
7D295021,Multiple_Gunshots,8/18/2018,2:20:34,WashingtonDC7D,38.863,-76.989
6D228842,Single_Gunshot,8/18/2018,2:36:23,WashingtonDC6D,38.878,-76.96
6D228843,Single_Gunshot,8/18/2018,2:36:35,WashingtonDC6D,38.877,-76.958
6D228846,Multiple_Gunshots,8/18/2018,2:49:01,WashingtonDC6D,38.897,-76.929
7D295025,Multiple_Gunshots,8/18/2018,2:51:58,WashingtonDC7D,38.836,-77.005
6D228847,Gunshot_or_Firecracker,8/18/2018,3:02:07,WashingtonDC6D,38.904,-76.925
7D295026,Multiple_Gunshots,8/18/2018,3:35:30,WashingtonDC7D,38.843,-76.987
7D295027,Single_Gunshot,8/18/2018,3:35:35,WashingtonDC7D,38.842,-76.987
6D228848,Single_Gunshot,8/18/2018,3:40:29,WashingtonDC6D,38.886,-76.948
5D98009,Multiple_Gunshots,8/18/2018,14:46:51,WashingtonDC5D,38.904,-77.011
4D75532,Single_Gunshot,8/18/2018,16:47:07,WashingtonDC4D,38.957,-77.028
7D295069,Multiple_Gunshots,8/18/2018,20:00:06,WashingtonDC7D,38.834,-77.002
7D295085,Single_Gunshot,8/18/2018,20:21:59,WashingtonDC7D,38.852,-76.966
6D228866,Multiple_Gunshots,8/18/2018,20:26:29,WashingtonDC6D,38.891,-76.952
7D295106,Single_Gunshot,8/18/2018,21:11:39,WashingtonDC7D,38.849,-76.98
6D228875,Multiple_Gunshots,8/18/2018,21:56:27,WashingtonDC6D,38.896,-76.937
3D75065,Multiple_Gunshots,8/18/2018,22:06:10,WashingtonDC3D,38.925,-77.031
6D228877,Single_Gunshot,8/18/2018,22:08:18,WashingtonDC6D,38.901,-76.924
7D295153,Multiple_Gunshots,8/19/2018,0:00:46,WashingtonDC7D,38.852,-76.963
5D98031,Multiple_Gunshots,8/19/2018,0:40:07,WashingtonDC5D,38.905,-77.012
6D228906,Multiple_Gunshots,8/19/2018,1:42:32,WashingtonDC6D,38.889,-76.956
5D98034,Single_Gunshot,8/19/2018,4:01:21,WashingtonDC5D,38.926,-77.007
6D228910,Multiple_Gunshots,8/19/2018,5:19:37,WashingtonDC6D,38.884,-76.927
3D75082,Single_Gunshot,8/19/2018,18:27:35,WashingtonDC3D,38.907,-77.023
6D228918,Gunshot_or_Firecracker,8/19/2018,19:39:36,WashingtonDC6D,38.895,-76.918
6D228925,Multiple_Gunshots,8/19/2018,20:11:00,WashingtonDC6D,38.88,-76.937
7D295207,Single_Gunshot,8/19/2018,21:00:37,WashingtonDC7D,38.846,-76.996
6D228950,Single_Gunshot,8/19/2018,22:21:56,WashingtonDC6D,38.904,-76.95
6D228951,Single_Gunshot,8/20/2018,0:26:36,WashingtonDC6D,38.88,-76.929
7D295222,Single_Gunshot,8/20/2018,0:58:59,WashingtonDC7D,38.831,-76.994
6D228979,Single_Gunshot,8/20/2018,19:22:49,WashingtonDC6D,38.896,-76.939
6D228980,Multiple_Gunshots,8/20/2018,20:20:45,WashingtonDC6D,38.883,-76.938
6D228983,Multiple_Gunshots,8/20/2018,20:41:33,WashingtonDC6D,38.888,-76.922
7D295271,Single_Gunshot,8/20/2018,20:47:35,WashingtonDC7D,38.83,-77
1D104850,Multiple_Gunshots,8/20/2018,21:15:19,WashingtonDC1D,38.875,-77.012
6D228988,Single_Gunshot,8/20/2018,21:43:49,WashingtonDC6D,38.889,-76.932
7D295283,Single_Gunshot,8/20/2018,22:35:42,WashingtonDC7D,38.841,-76.992
6D228997,Single_Gunshot,8/21/2018,0:48:58,WashingtonDC6D,38.906,-76.949
7D295291,Gunshot_or_Firecracker,8/21/2018,10:07:35,WashingtonDC7D,38.837,-77.005
7D295292,Single_Gunshot,8/21/2018,10:07:39,WashingtonDC7D,38.837,-77.005
7D295311,Single_Gunshot,8/21/2018,20:57:46,WashingtonDC7D,38.841,-76.992
6D229030,Single_Gunshot,8/22/2018,1:25:59,WashingtonDC6D,38.882,-76.961
6D229031,Multiple_Gunshots,8/22/2018,2:00:27,WashingtonDC6D,38.906,-76.948
6D229032,Single_Gunshot,8/22/2018,2:47:16,WashingtonDC6D,38.885,-76.96
4D75588,Multiple_Gunshots,8/22/2018,15:57:13,WashingtonDC4D,38.944,-77.024
7D295332,Multiple_Gunshots,8/22/2018,19:00:30,WashingtonDC7D,38.842,-76.987
6D229065,Single_Gunshot,8/22/2018,21:27:12,WashingtonDC6D,38.889,-76.938
7D295354,Multiple_Gunshots,8/22/2018,22:31:54,WashingtonDC7D,38.832,-77.003
7D295355,Single_Gunshot,8/22/2018,22:48:21,WashingtonDC7D,38.842,-76.993
5D98094,Multiple_Gunshots,8/23/2018,0:02:27,WashingtonDC5D,38.923,-76.978
5D98095,Multiple_Gunshots,8/23/2018,0:02:30,WashingtonDC5D,38.924,-76.995
7D295379,Multiple_Gunshots,8/23/2018,11:51:06,WashingtonDC7D,38.842,-76.987
7D295397,Single_Gunshot,8/23/2018,18:55:32,WashingtonDC7D,38.827,-77.001
6D229097,Single_Gunshot,8/23/2018,20:07:52,WashingtonDC6D,38.897,-76.928
6D229102,Multiple_Gunshots,8/23/2018,20:56:32,WashingtonDC6D,38.876,-76.955
6D229107,Multiple_Gunshots,8/23/2018,21:46:56,WashingtonDC6D,38.869,-76.949
6D229108,Multiple_Gunshots,8/23/2018,22:48:07,WashingtonDC6D,38.886,-76.952
7D295416,Single_Gunshot,8/23/2018,23:20:01,WashingtonDC7D,38.853,-76.97
7D295418,Multiple_Gunshots,8/23/2018,23:37:14,WashingtonDC7D,38.844,-76.999
7D295419,Multiple_Gunshots,8/23/2018,23:37:17,WashingtonDC7D,38.845,-76.998
7D295421,Single_Gunshot,8/24/2018,0:06:31,WashingtonDC7D,38.851,-76.973
6D229115,Multiple_Gunshots,8/24/2018,0:37:34,WashingtonDC6D,38.885,-76.961
7D295425,Multiple_Gunshots,8/24/2018,4:42:27,WashingtonDC7D,38.869,-76.979
6D229122,Multiple_Gunshots,8/24/2018,4:42:27,WashingtonDC6D,38.869,-76.979
7D295427,Multiple_Gunshots,8/24/2018,4:49:05,WashingtonDC7D,38.869,-76.979
6D229123,Multiple_Gunshots,8/24/2018,4:49:05,WashingtonDC6D,38.869,-76.979
6D229124,Multiple_Gunshots,8/24/2018,4:49:11,WashingtonDC6D,38.869,-76.979
6D229125,Multiple_Gunshots,8/24/2018,5:26:11,WashingtonDC6D,38.881,-76.935
7D295461,Single_Gunshot,8/24/2018,10:44:14,WashingtonDC7D,38.865,-76.978
3D75139,Multiple_Gunshots,8/24/2018,14:54:34,WashingtonDC3D,38.907,-77.018
7D295481,Gunshot_or_Firecracker,8/24/2018,16:41:20,WashingtonDC7D,38.839,-76.99
5D98149,Single_Gunshot,8/24/2018,19:21:06,WashingtonDC5D,38.905,-76.979
6D229161,Multiple_Gunshots,8/24/2018,20:19:20,WashingtonDC6D,38.877,-76.931
5D98167,Multiple_Gunshots,8/24/2018,23:09:52,WashingtonDC5D,38.923,-76.972
7D295531,Multiple_Gunshots,8/25/2018,0:45:50,WashingtonDC7D,38.829,-77.005
7D295532,Multiple_Gunshots,8/25/2018,0:45:54,WashingtonDC7D,38.829,-77.006
7D295533,Gunshot_or_Firecracker,8/25/2018,0:53:24,WashingtonDC7D,38.844,-76.973
5D98170,Multiple_Gunshots,8/25/2018,1:23:27,WashingtonDC5D,38.912,-76.987
5D98171,Multiple_Gunshots,8/25/2018,1:23:42,WashingtonDC5D,38.912,-76.986
5D98172,Multiple_Gunshots,8/25/2018,1:23:55,WashingtonDC5D,38.912,-76.986
6D229187,Single_Gunshot,8/25/2018,1:58:25,WashingtonDC6D,38.883,-76.951
6D229188,Multiple_Gunshots,8/25/2018,1:59:22,WashingtonDC6D,38.89,-76.954
6D229189,Multiple_Gunshots,8/25/2018,1:59:27,WashingtonDC6D,38.905,-76.951
6D229190,Single_Gunshot,8/25/2018,2:00:19,WashingtonDC6D,38.89,-76.954
6D229191,Multiple_Gunshots,8/25/2018,2:40:50,WashingtonDC6D,38.886,-76.952
6D229192,Gunshot_or_Firecracker,8/25/2018,2:46:21,WashingtonDC6D,38.883,-76.946
6D229194,Gunshot_or_Firecracker,8/25/2018,3:22:53,WashingtonDC6D,38.89,-76.954
6D229195,Single_Gunshot,8/25/2018,3:23:05,WashingtonDC6D,38.89,-76.954
6D229196,Single_Gunshot,8/25/2018,3:23:14,WashingtonDC6D,38.89,-76.955
6D229198,Multiple_Gunshots,8/25/2018,3:31:23,WashingtonDC6D,38.911,-76.933
5D98190,Single_Gunshot,8/25/2018,14:34:20,WashingtonDC5D,38.905,-76.994
4D75654,Single_Gunshot,8/25/2018,19:06:23,WashingtonDC4D,38.935,-77.023
6D229226,Gunshot_or_Firecracker,8/25/2018,20:09:30,WashingtonDC6D,38.886,-76.929
3D75164,Single_Gunshot,8/25/2018,20:17:49,WashingtonDC3D,38.915,-77.023
7D295597,Single_Gunshot,8/25/2018,20:43:22,WashingtonDC7D,38.837,-76.989
1D105045,Single_Gunshot,8/25/2018,22:02:54,WashingtonDC1D,38.874,-77.013
4D75670,Multiple_Gunshots,8/26/2018,0:34:53,WashingtonDC4D,38.939,-77.019
6D229290,Single_Gunshot,8/26/2018,0:59:39,WashingtonDC6D,38.893,-76.929
6D229295,Multiple_Gunshots,8/26/2018,1:53:17,WashingtonDC6D,38.882,-76.936
7D295640,Gunshot_or_Firecracker,8/26/2018,2:56:57,WashingtonDC7D,38.855,-76.968
7D295644,Multiple_Gunshots,8/26/2018,3:12:41,WashingtonDC7D,38.832,-76.99
6D229305,Single_Gunshot,8/26/2018,3:15:35,WashingtonDC6D,38.891,-76.928
5D98230,Multiple_Gunshots,8/26/2018,3:31:09,WashingtonDC5D,38.922,-76.975
7D295647,Multiple_Gunshots,8/26/2018,3:51:02,WashingtonDC7D,38.833,-76.989
5D98231,Single_Gunshot,8/26/2018,3:51:46,WashingtonDC5D,38.893,-76.982
6D229308,Single_Gunshot,8/26/2018,4:33:23,WashingtonDC6D,38.881,-76.931
6D229310,Multiple_Gunshots,8/26/2018,4:42:17,WashingtonDC6D,38.894,-76.935
7D295651,Single_Gunshot,8/26/2018,5:28:13,WashingtonDC7D,38.86,-76.996
6D229312,Single_Gunshot,8/26/2018,15:09:31,WashingtonDC6D,38.887,-76.933
6D229321,Single_Gunshot,8/26/2018,16:53:20,WashingtonDC6D,38.9,-76.948
5D98239,Multiple_Gunshots,8/26/2018,17:48:18,WashingtonDC5D,38.909,-76.983
6D229324,Single_Gunshot,8/26/2018,19:28:17,WashingtonDC6D,38.905,-76.946
6D229325,Single_Gunshot,8/26/2018,19:28:54,WashingtonDC6D,38.905,-76.946
3D75184,Single_Gunshot,8/26/2018,19:47:00,WashingtonDC3D,38.923,-77.026
3D75185,Single_Gunshot,8/26/2018,19:47:08,WashingtonDC3D,38.923,-77.026
7D295658,Single_Gunshot,8/26/2018,19:58:45,WashingtonDC7D,38.845,-76.998
5D98241,Single_Gunshot,8/26/2018,20:21:19,WashingtonDC5D,38.924,-76.988
6D229330,Multiple_Gunshots,8/26/2018,22:04:05,WashingtonDC6D,38.893,-76.952
6D229331,Multiple_Gunshots,8/26/2018,22:04:29,WashingtonDC6D,38.893,-76.952
6D229332,Multiple_Gunshots,8/26/2018,22:04:35,WashingtonDC6D,38.902,-76.947
7D295675,Single_Gunshot,8/26/2018,22:05:11,WashingtonDC7D,38.854,-76.973
7D295676,Multiple_Gunshots,8/26/2018,22:30:33,WashingtonDC7D,38.853,-76.972
6D229333,Single_Gunshot,8/26/2018,23:29:40,WashingtonDC6D,38.906,-76.953
7D295680,Single_Gunshot,8/27/2018,0:28:17,WashingtonDC7D,38.849,-76.976
6D229341,Multiple_Gunshots,8/27/2018,1:16:56,WashingtonDC6D,38.899,-76.945
6D229342,Single_Gunshot,8/27/2018,1:17:49,WashingtonDC6D,38.899,-76.945
6D229345,Multiple_Gunshots,8/27/2018,2:27:15,WashingtonDC6D,38.882,-76.94
7D295685,Single_Gunshot,8/27/2018,3:15:02,WashingtonDC7D,38.845,-76.972
1D105065,Multiple_Gunshots,8/27/2018,3:38:30,WashingtonDC1D,38.888,-76.984
3D75225,Single_Gunshot,8/27/2018,4:44:01,WashingtonDC3D,38.93,-77.029
7D295698,Multiple_Gunshots,8/27/2018,9:29:28,WashingtonDC7D,38.863,-76.982
7D295724,Multiple_Gunshots,8/27/2018,20:50:43,WashingtonDC7D,38.863,-76.983
6D229388,Multiple_Gunshots,8/27/2018,21:41:47,WashingtonDC6D,38.886,-76.926
5D98271,Single_Gunshot,8/27/2018,22:31:12,WashingtonDC5D,38.904,-76.979
6D229395,Multiple_Gunshots,8/28/2018,0:17:04,WashingtonDC6D,38.881,-76.926
6D229396,Multiple_Gunshots,8/28/2018,0:17:12,WashingtonDC6D,38.882,-76.924
6D229398,Multiple_Gunshots,8/28/2018,0:18:39,WashingtonDC6D,38.9,-76.917
7D295742,Single_Gunshot,8/28/2018,1:20:51,WashingtonDC7D,38.86,-76.99
7D295743,Single_Gunshot,8/28/2018,1:20:57,WashingtonDC7D,38.86,-76.991
7D295744,Multiple_Gunshots,8/28/2018,1:24:39,WashingtonDC7D,38.826,-77.003
6D229402,Multiple_Gunshots,8/28/2018,2:15:20,WashingtonDC6D,38.881,-76.935
7D295775,Gunshot_or_Firecracker,8/28/2018,20:38:16,WashingtonDC7D,38.853,-76.967
6D229422,Multiple_Gunshots,8/28/2018,21:49:53,WashingtonDC6D,38.906,-76.949
7D295779,Multiple_Gunshots,8/28/2018,22:53:17,WashingtonDC7D,38.834,-76.997
6D229423,Single_Gunshot,8/28/2018,23:11:21,WashingtonDC6D,38.89,-76.953
7D295782,Multiple_Gunshots,8/29/2018,4:03:17,WashingtonDC7D,38.853,-76.966
6D229437,Gunshot_or_Firecracker,8/29/2018,14:57:41,WashingtonDC6D,38.879,-76.932
5D98310,Single_Gunshot,8/29/2018,21:14:14,WashingtonDC5D,38.904,-76.983
6D229455,Single_Gunshot,8/30/2018,1:05:48,WashingtonDC6D,38.872,-76.971
7D295896,Gunshot_or_Firecracker,8/30/2018,21:13:36,WashingtonDC7D,38.855,-76.969
7D295901,Multiple_Gunshots,8/30/2018,23:05:07,WashingtonDC7D,38.826,-77.005
7D295902,Multiple_Gunshots,8/30/2018,23:05:21,WashingtonDC7D,38.826,-77.005
7D295904,Multiple_Gunshots,8/31/2018,0:15:26,WashingtonDC7D,38.855,-76.972
5D98334,Multiple_Gunshots,8/31/2018,0:35:53,WashingtonDC5D,38.911,-76.985
4D75727,Multiple_Gunshots,8/31/2018,19:22:56,WashingtonDC4D,38.951,-77.021
6D229482,Multiple_Gunshots,8/31/2018,20:10:57,WashingtonDC6D,38.883,-76.939
6D229484,Multiple_Gunshots,8/31/2018,21:47:45,WashingtonDC6D,38.876,-76.933
6D229488,Single_Gunshot,8/31/2018,22:27:36,WashingtonDC6D,38.894,-76.921
7D295937,Multiple_Gunshots,8/31/2018,23:01:17,WashingtonDC7D,38.853,-76.975
5D98345,Gunshot_or_Firecracker,9/1/2018,0:41:53,WashingtonDC5D,38.922,-76.988
6D229489,Multiple_Gunshots,9/1/2018,0:50:55,WashingtonDC6D,38.901,-76.937
7D295939,Multiple_Gunshots,9/1/2018,1:29:26,WashingtonDC7D,38.845,-76.998
7D295940,Multiple_Gunshots,9/1/2018,1:29:35,WashingtonDC7D,38.845,-76.999
7D295941,Single_Gunshot,9/1/2018,1:29:48,WashingtonDC7D,38.845,-76.998
4D75728,Multiple_Gunshots,9/1/2018,3:14:48,WashingtonDC4D,38.935,-77.021
5D98346,Single_Gunshot,9/1/2018,3:51:43,WashingtonDC5D,38.9,-76.981
5D98347,Multiple_Gunshots,9/1/2018,3:51:51,WashingtonDC5D,38.9,-76.981
6D229510,Multiple_Gunshots,9/1/2018,12:13:48,WashingtonDC6D,38.879,-76.931
6D229511,Multiple_Gunshots,9/1/2018,12:13:50,WashingtonDC6D,38.879,-76.931
7D295955,Multiple_Gunshots,9/1/2018,18:12:10,WashingtonDC7D,38.846,-76.996
6D229571,Multiple_Gunshots,9/2/2018,0:15:31,WashingtonDC6D,38.903,-76.925
7D296007,Multiple_Gunshots,9/2/2018,0:17:43,WashingtonDC7D,38.863,-76.983
6D229583,Multiple_Gunshots,9/2/2018,1:31:32,WashingtonDC6D,38.869,-76.968
6D229584,Single_Gunshot,9/2/2018,2:22:29,WashingtonDC6D,38.882,-76.928
7D296024,Single_Gunshot,9/2/2018,17:46:03,WashingtonDC7D,38.83,-77.002
7D296025,Single_Gunshot,9/2/2018,17:46:05,WashingtonDC7D,38.83,-77.002
6D229597,Multiple_Gunshots,9/2/2018,18:31:17,WashingtonDC6D,38.882,-76.936
3D75271,Multiple_Gunshots,9/2/2018,20:42:09,WashingtonDC3D,38.933,-77.023
7D296049,Single_Gunshot,9/2/2018,21:16:05,WashingtonDC7D,38.844,-77
7D296077,Multiple_Gunshots,9/2/2018,22:13:22,WashingtonDC7D,38.845,-76.983
5D98374,Gunshot_or_Firecracker,9/2/2018,22:24:13,WashingtonDC5D,38.912,-76.987
7D296086,Multiple_Gunshots,9/2/2018,23:34:07,WashingtonDC7D,38.832,-76.995
7D296087,Multiple_Gunshots,9/2/2018,23:34:12,WashingtonDC7D,38.838,-76.992
7D296088,Multiple_Gunshots,9/2/2018,23:34:14,WashingtonDC7D,38.842,-76.988
6D229666,Single_Gunshot,9/3/2018,0:37:49,WashingtonDC6D,38.88,-76.926
7D296091,Multiple_Gunshots,9/3/2018,2:26:57,WashingtonDC7D,38.828,-76.996
6D229669,Multiple_Gunshots,9/3/2018,5:55:20,WashingtonDC6D,38.887,-76.952
6D229670,Single_Gunshot,9/3/2018,5:55:47,WashingtonDC6D,38.887,-76.952
6D229671,Gunshot_or_Firecracker,9/3/2018,5:57:08,WashingtonDC6D,38.887,-76.959
7D296093,Single_Gunshot,9/3/2018,7:30:02,WashingtonDC7D,38.844,-76.972
7D296094,Multiple_Gunshots,9/3/2018,7:41:59,WashingtonDC7D,38.829,-76.995
6D229685,Multiple_Gunshots,9/3/2018,14:30:37,WashingtonDC6D,38.878,-76.931
6D229720,Single_Gunshot,9/3/2018,21:13:44,WashingtonDC6D,38.893,-76.93
6D229732,Gunshot_or_Firecracker,9/3/2018,22:08:13,WashingtonDC6D,38.868,-76.961
6D229733,Multiple_Gunshots,9/3/2018,22:11:53,WashingtonDC6D,38.889,-76.955
7D296191,Multiple_Gunshots,9/3/2018,22:43:18,WashingtonDC7D,38.857,-76.973
7D296192,Single_Gunshot,9/3/2018,23:11:31,WashingtonDC7D,38.837,-76.99
7D296193,Single_Gunshot,9/3/2018,23:11:36,WashingtonDC7D,38.837,-76.99
7D296194,Multiple_Gunshots,9/3/2018,23:11:38,WashingtonDC7D,38.837,-76.99
6D229738,Multiple_Gunshots,9/4/2018,0:33:50,WashingtonDC6D,38.899,-76.939
7D296202,Multiple_Gunshots,9/4/2018,1:04:41,WashingtonDC7D,38.835,-76.988
6D229740,Single_Gunshot,9/4/2018,3:25:18,WashingtonDC6D,38.888,-76.956
7D296205,Multiple_Gunshots,9/4/2018,3:34:46,WashingtonDC7D,38.845,-76.971
6D229777,Multiple_Gunshots,9/4/2018,17:00:59,WashingtonDC6D,38.871,-76.975
7D296239,Multiple_Gunshots,9/4/2018,19:55:42,WashingtonDC7D,38.855,-76.97
6D229782,Multiple_Gunshots,9/4/2018,22:31:41,WashingtonDC6D,38.885,-76.958
7D296253,Multiple_Gunshots,9/5/2018,0:58:28,WashingtonDC7D,38.864,-76.982
6D229789,Gunshot_or_Firecracker,9/5/2018,3:15:51,WashingtonDC6D,38.886,-76.957
6D229791,Multiple_Gunshots,9/5/2018,3:39:25,WashingtonDC6D,38.891,-76.957
6D229803,Single_Gunshot,9/5/2018,17:31:47,WashingtonDC6D,38.894,-76.928
6D229804,Single_Gunshot,9/5/2018,20:12:18,WashingtonDC6D,38.868,-76.97
6D229807,Gunshot_or_Firecracker,9/5/2018,22:19:01,WashingtonDC6D,38.886,-76.952
6D229808,Multiple_Gunshots,9/5/2018,22:19:32,WashingtonDC6D,38.886,-76.952
7D296278,Multiple_Gunshots,9/5/2018,22:59:08,WashingtonDC7D,38.842,-76.987
6D229810,Multiple_Gunshots,9/5/2018,23:04:22,WashingtonDC6D,38.893,-76.915
5D98455,Gunshot_or_Firecracker,9/6/2018,0:18:41,WashingtonDC5D,38.899,-76.976
7D296282,Single_Gunshot,9/6/2018,0:45:53,WashingtonDC7D,38.867,-76.979
6D229815,Multiple_Gunshots,9/6/2018,12:59:32,WashingtonDC6D,38.887,-76.952
6D229816,Multiple_Gunshots,9/6/2018,12:59:41,WashingtonDC6D,38.887,-76.952
6D229817,Multiple_Gunshots,9/6/2018,12:59:52,WashingtonDC6D,38.887,-76.952
1D105404,Multiple_Gunshots,9/6/2018,18:01:40,WashingtonDC1D,38.877,-77.015
6D229827,Multiple_Gunshots,9/6/2018,20:51:46,WashingtonDC6D,38.886,-76.951
7D296327,Multiple_Gunshots,9/6/2018,20:58:30,WashingtonDC7D,38.855,-76.972
7D296328,Multiple_Gunshots,9/6/2018,21:26:32,WashingtonDC7D,38.857,-76.972
7D296329,Multiple_Gunshots,9/6/2018,21:27:03,WashingtonDC7D,38.856,-76.972
7D296330,Multiple_Gunshots,9/6/2018,22:03:39,WashingtonDC7D,38.831,-77.006
5D98465,Single_Gunshot,9/6/2018,23:25:09,WashingtonDC5D,38.915,-76.982
6D229838,Single_Gunshot,9/7/2018,0:00:32,WashingtonDC6D,38.901,-76.939
6D229839,Single_Gunshot,9/7/2018,2:50:03,WashingtonDC6D,38.909,-76.931
6D229840,Single_Gunshot,9/7/2018,3:25:10,WashingtonDC6D,38.89,-76.923
4D75848,Multiple_Gunshots,9/7/2018,20:22:36,WashingtonDC4D,38.949,-77.016
4D75849,Single_Gunshot,9/7/2018,20:22:49,WashingtonDC4D,38.949,-77.016
7D296374,Multiple_Gunshots,9/7/2018,21:19:38,WashingtonDC7D,38.843,-76.993
6D229889,Gunshot_or_Firecracker,9/8/2018,0:17:52,WashingtonDC6D,38.874,-76.97
7D296379,Single_Gunshot,9/8/2018,2:23:38,WashingtonDC7D,38.846,-76.981
7D296380,Multiple_Gunshots,9/8/2018,2:30:48,WashingtonDC7D,38.828,-76.997
6D229893,Single_Gunshot,9/8/2018,4:22:53,WashingtonDC6D,38.896,-76.927
6D229896,Gunshot_or_Firecracker,9/8/2018,16:08:55,WashingtonDC6D,38.91,-76.94
6D229904,Gunshot_or_Firecracker,9/8/2018,20:44:27,WashingtonDC6D,38.888,-76.928
7D296406,Multiple_Gunshots,9/8/2018,22:34:42,WashingtonDC7D,38.851,-76.971
6D229906,Multiple_Gunshots,9/9/2018,0:27:42,WashingtonDC6D,38.878,-76.932
6D229907,Single_Gunshot,9/9/2018,0:44:48,WashingtonDC6D,38.891,-76.925
6D229908,Multiple_Gunshots,9/9/2018,5:23:29,WashingtonDC6D,38.892,-76.945
7D296411,Single_Gunshot,9/9/2018,13:07:57,WashingtonDC7D,38.857,-76.987
6D229911,Single_Gunshot,9/9/2018,19:54:08,WashingtonDC6D,38.89,-76.93
6D229920,Single_Gunshot,9/10/2018,3:12:32,WashingtonDC6D,38.894,-76.918
3D75345,Single_Gunshot,9/10/2018,4:31:20,WashingtonDC3D,38.913,-77.017
6D229929,Multiple_Gunshots,9/10/2018,15:46:44,WashingtonDC6D,38.886,-76.952
6D229930,Multiple_Gunshots,9/10/2018,15:46:44,WashingtonDC6D,38.886,-76.954
7D296423,Multiple_Gunshots,9/10/2018,16:52:08,WashingtonDC7D,38.86,-76.992
5D98554,Single_Gunshot,9/10/2018,17:20:51,WashingtonDC5D,38.905,-76.982
6D229935,Gunshot_or_Firecracker,9/10/2018,19:18:33,WashingtonDC6D,38.905,-76.951
7D296426,Multiple_Gunshots,9/10/2018,20:03:32,WashingtonDC7D,38.835,-76.98
7D296441,Multiple_Gunshots,9/10/2018,21:38:22,WashingtonDC7D,38.831,-77.003
7D296442,Gunshot_or_Firecracker,9/10/2018,21:55:21,WashingtonDC7D,38.867,-76.982
6D229937,Single_Gunshot,9/10/2018,21:58:03,WashingtonDC6D,38.908,-76.93
7D296443,Multiple_Gunshots,9/10/2018,22:44:20,WashingtonDC7D,38.835,-76.988
5D98567,Single_Gunshot,9/10/2018,22:48:27,WashingtonDC5D,38.921,-77.001
6D229939,Multiple_Gunshots,9/10/2018,23:14:34,WashingtonDC6D,38.907,-76.949
7D296448,Multiple_Gunshots,9/11/2018,0:38:00,WashingtonDC7D,38.862,-76.985
3D75349,Single_Gunshot,9/11/2018,2:53:45,WashingtonDC3D,38.918,-77.016
3D75350,Multiple_Gunshots,9/11/2018,2:53:50,WashingtonDC3D,38.918,-77.016
7D296455,Multiple_Gunshots,9/11/2018,9:28:03,WashingtonDC7D,38.863,-76.983
7D296465,Multiple_Gunshots,9/11/2018,13:17:45,WashingtonDC7D,38.856,-76.99
7D296471,Multiple_Gunshots,9/11/2018,16:29:21,WashingtonDC7D,38.834,-76.99
1D105492,Multiple_Gunshots,9/11/2018,17:22:22,WashingtonDC1D,38.874,-77.013
4D75871,Multiple_Gunshots,9/11/2018,19:14:22,WashingtonDC4D,38.933,-77.024
6D229955,Single_Gunshot,9/11/2018,19:17:38,WashingtonDC6D,38.886,-76.952
1D105495,Multiple_Gunshots,9/11/2018,21:19:48,WashingtonDC1D,38.871,-77.012
5D98579,Multiple_Gunshots,9/11/2018,22:15:03,WashingtonDC5D,38.907,-76.985
3D75354,Multiple_Gunshots,9/11/2018,22:34:36,WashingtonDC3D,38.919,-77.017
6D229958,Multiple_Gunshots,9/11/2018,22:50:32,WashingtonDC6D,38.89,-76.957
7D296480,Multiple_Gunshots,9/12/2018,0:55:07,WashingtonDC7D,38.852,-76.966
6D229965,Multiple_Gunshots,9/12/2018,2:57:42,WashingtonDC6D,38.905,-76.95
3D75362,Multiple_Gunshots,9/12/2018,19:33:49,WashingtonDC3D,38.931,-77.019
4D75881,Multiple_Gunshots,9/12/2018,20:28:30,WashingtonDC4D,38.954,-77.026
7D296512,Single_Gunshot,9/12/2018,21:39:13,WashingtonDC7D,38.867,-76.982
6D230015,Multiple_Gunshots,9/12/2018,22:26:30,WashingtonDC6D,38.904,-76.951
5D98600,Multiple_Gunshots,9/13/2018,1:46:39,WashingtonDC5D,38.922,-76.987
6D230017,Single_Gunshot,9/13/2018,2:17:39,WashingtonDC6D,38.9,-76.941
6D230018,Gunshot_or_Firecracker,9/13/2018,4:00:14,WashingtonDC6D,38.906,-76.949
7D296522,Single_Gunshot,9/13/2018,16:27:17,WashingtonDC7D,38.854,-76.967
3D75365,Gunshot_or_Firecracker,9/13/2018,17:29:37,WashingtonDC3D,38.923,-77.032
3D75372,Gunshot_or_Firecracker,9/13/2018,22:09:47,WashingtonDC3D,38.907,-77.022
7D296547,Gunshot_or_Firecracker,9/13/2018,23:54:04,WashingtonDC7D,38.845,-76.977
5D98618,Single_Gunshot,9/14/2018,0:18:10,WashingtonDC5D,38.899,-76.976
5D98619,Single_Gunshot,9/14/2018,0:18:15,WashingtonDC5D,38.899,-76.975
7D296550,Multiple_Gunshots,9/14/2018,2:18:13,WashingtonDC7D,38.827,-76.998
6D230034,Multiple_Gunshots,9/14/2018,2:25:10,WashingtonDC6D,38.868,-76.949
6D230035,Multiple_Gunshots,9/14/2018,3:57:37,WashingtonDC6D,38.885,-76.951
6D230036,Multiple_Gunshots,9/14/2018,4:57:18,WashingtonDC6D,38.904,-76.949
3D75373,Single_Gunshot,9/14/2018,8:44:02,WashingtonDC3D,38.923,-77.033
3D75376,Gunshot_or_Firecracker,9/14/2018,8:44:27,WashingtonDC3D,38.923,-77.032
7D296556,Gunshot_or_Firecracker,9/14/2018,13:52:24,WashingtonDC7D,38.868,-76.981
7D296577,Multiple_Gunshots,9/14/2018,20:39:42,WashingtonDC7D,38.836,-77.003
7D296578,Multiple_Gunshots,9/14/2018,20:39:53,WashingtonDC7D,38.836,-77.003
7D296580,Multiple_Gunshots,9/14/2018,20:41:27,WashingtonDC7D,38.833,-77.008
7D296602,Single_Gunshot,9/14/2018,21:36:00,WashingtonDC7D,38.826,-77.001
7D296603,Multiple_Gunshots,9/14/2018,21:37:53,WashingtonDC7D,38.847,-76.973
1D105541,Multiple_Gunshots,9/14/2018,23:24:53,WashingtonDC1D,38.88,-76.989
1D105542,Multiple_Gunshots,9/14/2018,23:25:00,WashingtonDC1D,38.878,-76.99
7D296607,Multiple_Gunshots,9/14/2018,23:43:07,WashingtonDC7D,38.844,-76.979
7D296611,Gunshot_or_Firecracker,9/15/2018,1:33:01,WashingtonDC7D,38.83,-77.006
7D296612,Multiple_Gunshots,9/15/2018,1:40:48,WashingtonDC7D,38.845,-76.977
6D230047,Multiple_Gunshots,9/15/2018,1:51:27,WashingtonDC6D,38.89,-76.949
6D230046,Multiple_Gunshots,9/15/2018,1:51:30,WashingtonDC6D,38.89,-76.949
7D296615,Multiple_Gunshots,9/15/2018,2:49:18,WashingtonDC7D,38.86,-76.995
5D98631,Multiple_Gunshots,9/15/2018,3:13:07,WashingtonDC5D,38.916,-76.984
6D230050,Multiple_Gunshots,9/15/2018,3:14:42,WashingtonDC6D,38.887,-76.925
5D98632,Single_Gunshot,9/15/2018,3:31:27,WashingtonDC5D,38.905,-76.976
7D296617,Single_Gunshot,9/15/2018,3:35:12,WashingtonDC7D,38.849,-76.974
7D296618,Single_Gunshot,9/15/2018,4:44:20,WashingtonDC7D,38.847,-76.978
6D230052,Single_Gunshot,9/15/2018,6:44:18,WashingtonDC6D,38.905,-76.949
6D230053,Single_Gunshot,9/15/2018,7:56:39,WashingtonDC6D,38.912,-76.935
4D75898,Gunshot_or_Firecracker,9/15/2018,16:35:14,WashingtonDC4D,38.949,-77.014
7D296628,Gunshot_or_Firecracker,9/15/2018,18:54:07,WashingtonDC7D,38.844,-76.985
6D230058,Multiple_Gunshots,9/15/2018,21:31:38,WashingtonDC6D,38.892,-76.944
6D230059,Multiple_Gunshots,9/15/2018,22:30:41,WashingtonDC6D,38.904,-76.95
7D296652,Multiple_Gunshots,9/15/2018,23:03:03,WashingtonDC7D,38.831,-77.005
6D230062,Multiple_Gunshots,9/16/2018,0:03:44,WashingtonDC6D,38.911,-76.938
7D296655,Multiple_Gunshots,9/16/2018,0:45:25,WashingtonDC7D,38.832,-77.005
7D296656,Multiple_Gunshots,9/16/2018,0:48:40,WashingtonDC7D,38.828,-76.997
6D230065,Multiple_Gunshots,9/16/2018,1:27:20,WashingtonDC6D,38.885,-76.951
4D75909,Single_Gunshot,9/16/2018,2:05:29,WashingtonDC4D,38.957,-77.017
7D296657,Single_Gunshot,9/16/2018,2:10:07,WashingtonDC7D,38.834,-77.003
6D230069,Multiple_Gunshots,9/16/2018,3:31:50,WashingtonDC6D,38.904,-76.949
6D230071,Single_Gunshot,9/16/2018,4:48:50,WashingtonDC6D,38.866,-76.945
6D230072,Multiple_Gunshots,9/16/2018,4:49:11,WashingtonDC6D,38.904,-76.951
7D296662,Single_Gunshot,9/16/2018,5:07:22,WashingtonDC7D,38.858,-76.994
6D230077,Multiple_Gunshots,9/16/2018,12:57:57,WashingtonDC6D,38.911,-76.939
7D296666,Multiple_Gunshots,9/16/2018,13:32:57,WashingtonDC7D,38.848,-76.971
7D296668,Single_Gunshot,9/16/2018,14:39:56,WashingtonDC7D,38.833,-76.993
7D296669,Single_Gunshot,9/16/2018,15:09:11,WashingtonDC7D,38.833,-76.99
7D296680,Single_Gunshot,9/16/2018,17:58:58,WashingtonDC7D,38.845,-76.984
7D296686,Multiple_Gunshots,9/16/2018,19:12:05,WashingtonDC7D,38.861,-76.993
7D296693,Multiple_Gunshots,9/16/2018,19:28:08,WashingtonDC7D,38.844,-76.991
6D230081,Single_Gunshot,9/16/2018,19:38:32,WashingtonDC6D,38.891,-76.926
7D296701,Multiple_Gunshots,9/16/2018,20:39:57,WashingtonDC7D,38.852,-76.967
7D296702,Multiple_Gunshots,9/16/2018,21:41:06,WashingtonDC7D,38.867,-76.98
6D230095,Multiple_Gunshots,9/16/2018,22:04:45,WashingtonDC6D,38.895,-76.93
7D296703,Multiple_Gunshots,9/16/2018,22:20:16,WashingtonDC7D,38.863,-76.983
5D98658,Multiple_Gunshots,9/17/2018,0:28:01,WashingtonDC5D,38.904,-77.013
7D296708,Multiple_Gunshots,9/17/2018,1:16:56,WashingtonDC7D,38.854,-76.974
7D296709,Single_Gunshot,9/17/2018,3:26:32,WashingtonDC7D,38.838,-76.999
6D230127,Multiple_Gunshots,9/17/2018,22:19:03,WashingtonDC6D,38.904,-76.949
4D75928,Single_Gunshot,9/17/2018,23:06:01,WashingtonDC4D,38.951,-77.03
6D230133,Multiple_Gunshots,9/18/2018,1:46:23,WashingtonDC6D,38.886,-76.926
7D296729,Single_Gunshot,9/18/2018,14:50:32,WashingtonDC7D,38.859,-76.997
7D296730,Single_Gunshot,9/18/2018,14:50:44,WashingtonDC7D,38.859,-76.997
7D296731,Single_Gunshot,9/18/2018,14:54:51,WashingtonDC7D,38.845,-76.974
7D296747,Single_Gunshot,9/18/2018,19:51:51,WashingtonDC7D,38.841,-76.992
7D296748,Single_Gunshot,9/18/2018,19:51:59,WashingtonDC7D,38.841,-76.992
5D98684,Multiple_Gunshots,9/18/2018,21:13:35,WashingtonDC5D,38.918,-77.001
7D296755,Multiple_Gunshots,9/18/2018,22:44:47,WashingtonDC7D,38.863,-76.983
7D296756,Multiple_Gunshots,9/19/2018,0:49:54,WashingtonDC7D,38.862,-76.984
7D296757,Multiple_Gunshots,9/19/2018,0:53:42,WashingtonDC7D,38.846,-76.973
7D296758,Multiple_Gunshots,9/19/2018,0:54:35,WashingtonDC7D,38.845,-76.98
7D296759,Multiple_Gunshots,9/19/2018,0:54:40,WashingtonDC7D,38.844,-76.98
6D230163,Single_Gunshot,9/19/2018,0:57:29,WashingtonDC6D,38.887,-76.956
6D230164,Single_Gunshot,9/19/2018,1:03:07,WashingtonDC6D,38.876,-76.932
6D230165,Multiple_Gunshots,9/19/2018,1:03:25,WashingtonDC6D,38.876,-76.932
6D230183,Single_Gunshot,9/19/2018,19:19:47,WashingtonDC6D,38.911,-76.939
7D296820,Single_Gunshot,9/19/2018,22:54:17,WashingtonDC7D,38.841,-76.992
5D98713,Single_Gunshot,9/19/2018,23:02:54,WashingtonDC5D,38.898,-76.976
7D296826,Single_Gunshot,9/20/2018,0:09:02,WashingtonDC7D,38.853,-76.966
5D98715,Single_Gunshot,9/20/2018,0:32:30,WashingtonDC5D,38.912,-76.987
6D230208,Single_Gunshot,9/20/2018,1:21:43,WashingtonDC6D,38.892,-76.945
5D98730,Single_Gunshot,9/20/2018,7:35:49,WashingtonDC5D,38.912,-76.987
7D296857,Multiple_Gunshots,9/20/2018,13:37:03,WashingtonDC7D,38.848,-76.982
5D98758,Multiple_Gunshots,9/20/2018,16:40:42,WashingtonDC5D,38.925,-76.969
6D230228,Single_Gunshot,9/20/2018,18:37:41,WashingtonDC6D,38.886,-76.949
6D230240,Multiple_Gunshots,9/20/2018,22:00:16,WashingtonDC6D,38.877,-76.931
6D230241,Single_Gunshot,9/20/2018,22:16:14,WashingtonDC6D,38.865,-76.952
5D98767,Gunshot_or_Firecracker,9/20/2018,22:29:30,WashingtonDC5D,38.903,-77.011
7D296900,Multiple_Gunshots,9/20/2018,23:50:23,WashingtonDC7D,38.86,-76.997
6D230249,Multiple_Gunshots,9/21/2018,0:39:11,WashingtonDC6D,38.905,-76.951
7D296902,Multiple_Gunshots,9/21/2018,2:54:23,WashingtonDC7D,38.845,-76.998
7D296903,Single_Gunshot,9/21/2018,3:19:23,WashingtonDC7D,38.827,-77.002
1D105742,Multiple_Gunshots,9/21/2018,11:01:50,WashingtonDC1D,38.879,-77.015
7D296913,Gunshot_or_Firecracker,9/21/2018,18:09:01,WashingtonDC7D,38.842,-76.987
5D98801,Gunshot_or_Firecracker,9/21/2018,20:03:04,WashingtonDC5D,38.897,-76.978
7D296922,Multiple_Gunshots,9/21/2018,20:11:59,WashingtonDC7D,38.841,-76.987
7D296923,Multiple_Gunshots,9/21/2018,20:12:35,WashingtonDC7D,38.842,-76.987
5D98812,Multiple_Gunshots,9/21/2018,20:49:06,WashingtonDC5D,38.903,-77.011
6D230263,Multiple_Gunshots,9/21/2018,21:05:48,WashingtonDC6D,38.886,-76.933
3D75440,Multiple_Gunshots,9/21/2018,21:28:06,WashingtonDC3D,38.925,-77.034
6D230264,Multiple_Gunshots,9/21/2018,21:39:31,WashingtonDC6D,38.881,-76.929
5D98821,Multiple_Gunshots,9/21/2018,23:09:30,WashingtonDC5D,38.899,-76.977
7D296936,Single_Gunshot,9/21/2018,23:12:18,WashingtonDC7D,38.827,-76.998
7D296937,Multiple_Gunshots,9/21/2018,23:12:22,WashingtonDC7D,38.826,-76.996
6D230272,Multiple_Gunshots,9/21/2018,23:33:19,WashingtonDC6D,38.892,-76.956
6D230273,Single_Gunshot,9/21/2018,23:49:40,WashingtonDC6D,38.9,-76.94
7D296941,Multiple_Gunshots,9/22/2018,1:20:01,WashingtonDC7D,38.862,-76.984
6D230278,Multiple_Gunshots,9/22/2018,1:20:09,WashingtonDC6D,38.87,-76.962
3D75442,Multiple_Gunshots,9/22/2018,2:11:00,WashingtonDC3D,38.911,-77.029
6D230280,Single_Gunshot,9/22/2018,4:25:52,WashingtonDC6D,38.894,-76.939
6D230281,Single_Gunshot,9/22/2018,4:26:47,WashingtonDC6D,38.894,-76.939
7D296944,Single_Gunshot,9/22/2018,4:59:45,WashingtonDC7D,38.844,-76.998
6D230283,Multiple_Gunshots,9/22/2018,6:04:06,WashingtonDC6D,38.9,-76.939
7D296945,Multiple_Gunshots,9/22/2018,7:05:33,WashingtonDC7D,38.834,-77.001
6D230293,Multiple_Gunshots,9/22/2018,14:50:23,WashingtonDC6D,38.892,-76.913
7D296969,Gunshot_or_Firecracker,9/22/2018,19:45:42,WashingtonDC7D,38.845,-77
7D296970,Multiple_Gunshots,9/22/2018,20:05:17,WashingtonDC7D,38.868,-76.98
7D296973,Multiple_Gunshots,9/22/2018,21:14:37,WashingtonDC7D,38.832,-76.992
7D296979,Multiple_Gunshots,9/22/2018,22:31:41,WashingtonDC7D,38.86,-76.997
7D296991,Multiple_Gunshots,9/23/2018,0:16:31,WashingtonDC7D,38.851,-76.965
7D296992,Single_Gunshot,9/23/2018,0:31:47,WashingtonDC7D,38.841,-76.994
6D230321,Single_Gunshot,9/23/2018,0:53:47,WashingtonDC6D,38.893,-76.949
7D296998,Multiple_Gunshots,9/23/2018,1:07:23,WashingtonDC7D,38.86,-76.989
7D296999,Multiple_Gunshots,9/23/2018,1:10:08,WashingtonDC7D,38.857,-76.969
7D297000,Multiple_Gunshots,9/23/2018,1:10:24,WashingtonDC7D,38.856,-76.974
4D75990,Single_Gunshot,9/23/2018,1:30:26,WashingtonDC4D,38.954,-77.029
7D297014,Single_Gunshot,9/23/2018,1:35:45,WashingtonDC7D,38.825,-77.004
6D230329,Single_Gunshot,9/23/2018,1:46:45,WashingtonDC6D,38.911,-76.938
7D297031,Gunshot_or_Firecracker,9/23/2018,3:08:46,WashingtonDC7D,38.849,-76.973
7D297032,Single_Gunshot,9/23/2018,4:18:24,WashingtonDC7D,38.846,-76.973
7D297033,Single_Gunshot,9/23/2018,9:23:01,WashingtonDC7D,38.839,-76.99
7D297035,Multiple_Gunshots,9/23/2018,12:59:55,WashingtonDC7D,38.847,-76.981
7D297044,Multiple_Gunshots,9/23/2018,22:14:15,WashingtonDC7D,38.841,-76.993
6D230351,Multiple_Gunshots,9/23/2018,23:00:15,WashingtonDC6D,38.883,-76.923
6D230352,Single_Gunshot,9/23/2018,23:08:25,WashingtonDC6D,38.881,-76.929
6D230354,Single_Gunshot,9/23/2018,23:44:24,WashingtonDC6D,38.889,-76.952
7D297053,Multiple_Gunshots,9/24/2018,0:32:29,WashingtonDC7D,38.86,-76.997
6D230356,Single_Gunshot,9/24/2018,4:00:38,WashingtonDC6D,38.9,-76.941
6D230357,Single_Gunshot,9/24/2018,4:00:53,WashingtonDC6D,38.9,-76.941
7D297058,Single_Gunshot,9/24/2018,8:25:48,WashingtonDC7D,38.831,-76.999
7D297061,Multiple_Gunshots,9/24/2018,13:10:52,WashingtonDC7D,38.834,-76.996
6D230361,Multiple_Gunshots,9/24/2018,14:16:07,WashingtonDC6D,38.887,-76.951
6D230362,Single_Gunshot,9/24/2018,14:16:38,WashingtonDC6D,38.886,-76.951
6D230363,Multiple_Gunshots,9/24/2018,14:16:56,WashingtonDC6D,38.886,-76.951
3D75463,Single_Gunshot,9/24/2018,18:27:54,WashingtonDC3D,38.913,-77.021
5D98872,Multiple_Gunshots,9/24/2018,19:33:43,WashingtonDC5D,38.899,-76.977
5D98874,Single_Gunshot,9/24/2018,21:35:12,WashingtonDC5D,38.921,-76.983
6D230364,Multiple_Gunshots,9/24/2018,22:06:37,WashingtonDC6D,38.888,-76.958
6D230365,Multiple_Gunshots,9/24/2018,22:06:59,WashingtonDC6D,38.888,-76.959
7D297067,Single_Gunshot,9/24/2018,22:24:39,WashingtonDC7D,38.826,-76.999
5D98875,Multiple_Gunshots,9/24/2018,22:25:16,WashingtonDC5D,38.923,-77.003
7D297073,Multiple_Gunshots,9/25/2018,2:50:39,WashingtonDC7D,38.831,-77.006
7D297097,Multiple_Gunshots,9/25/2018,21:49:43,WashingtonDC7D,38.824,-77.002
7D297098,Single_Gunshot,9/25/2018,21:54:08,WashingtonDC7D,38.842,-77.002
4D76019,Multiple_Gunshots,9/25/2018,22:47:19,WashingtonDC4D,38.956,-77.022
3D75472,Single_Gunshot,9/26/2018,3:44:50,WashingtonDC3D,38.915,-77.027
5D98897,Single_Gunshot,9/26/2018,7:51:18,WashingtonDC5D,38.908,-76.995
6D230402,Gunshot_or_Firecracker,9/26/2018,17:47:53,WashingtonDC6D,38.884,-76.944
6D230405,Single_Gunshot,9/26/2018,20:30:15,WashingtonDC6D,38.87,-76.946
6D230406,Single_Gunshot,9/26/2018,21:07:11,WashingtonDC6D,38.889,-76.953
6D230407,Single_Gunshot,9/26/2018,21:10:03,WashingtonDC6D,38.893,-76.957
6D230408,Single_Gunshot,9/26/2018,21:22:11,WashingtonDC6D,38.869,-76.946
5D98913,Multiple_Gunshots,9/26/2018,22:12:54,WashingtonDC5D,38.927,-76.981
6D230409,Multiple_Gunshots,9/26/2018,22:16:28,WashingtonDC6D,38.879,-76.931
6D230410,Multiple_Gunshots,9/26/2018,22:36:30,WashingtonDC6D,38.892,-76.953
5D98914,Multiple_Gunshots,9/27/2018,0:13:14,WashingtonDC5D,38.922,-77.007
5D98915,Gunshot_or_Firecracker,9/27/2018,0:13:37,WashingtonDC5D,38.922,-77.007
5D98917,Multiple_Gunshots,9/27/2018,0:14:12,WashingtonDC5D,38.922,-77.007
5D98918,Multiple_Gunshots,9/27/2018,0:30:20,WashingtonDC5D,38.9,-76.974
5D98919,Multiple_Gunshots,9/27/2018,0:30:37,WashingtonDC5D,38.9,-76.974
7D297126,Multiple_Gunshots,9/27/2018,2:58:27,WashingtonDC7D,38.828,-76.997
7D297127,Single_Gunshot,9/27/2018,3:38:31,WashingtonDC7D,38.834,-77.005
6D230411,Single_Gunshot,9/27/2018,4:05:47,WashingtonDC6D,38.893,-76.926
6D230412,Multiple_Gunshots,9/27/2018,4:06:04,WashingtonDC6D,38.893,-76.926
5D98920,Multiple_Gunshots,9/27/2018,5:47:57,WashingtonDC5D,38.899,-76.982
6D230414,Gunshot_or_Firecracker,9/27/2018,8:57:55,WashingtonDC6D,38.906,-76.927
6D230416,Multiple_Gunshots,9/27/2018,9:14:54,WashingtonDC6D,38.879,-76.931
7D297159,Multiple_Gunshots,9/27/2018,16:39:56,WashingtonDC7D,38.833,-76.997
7D297163,Multiple_Gunshots,9/27/2018,20:16:21,WashingtonDC7D,38.847,-76.971
4D76046,Multiple_Gunshots,9/27/2018,20:29:23,WashingtonDC4D,38.962,-77.03
5D98942,Multiple_Gunshots,9/27/2018,20:32:35,WashingtonDC5D,38.918,-77.006
7D297164,Multiple_Gunshots,9/27/2018,21:19:01,WashingtonDC7D,38.841,-76.992
7D297165,Multiple_Gunshots,9/27/2018,21:50:45,WashingtonDC7D,38.834,-76.988
5D98943,Multiple_Gunshots,9/27/2018,22:32:03,WashingtonDC5D,38.9,-76.973
7D297166,Single_Gunshot,9/27/2018,22:40:11,WashingtonDC7D,38.86,-76.997
6D230439,Single_Gunshot,9/28/2018,3:18:51,WashingtonDC6D,38.905,-76.949
7D297189,Multiple_Gunshots,9/28/2018,13:53:19,WashingtonDC7D,38.832,-76.994
6D230470,Multiple_Gunshots,9/28/2018,20:33:36,WashingtonDC6D,38.886,-76.948
6D230471,Single_Gunshot,9/28/2018,20:33:59,WashingtonDC6D,38.886,-76.948
7D297222,Gunshot_or_Firecracker,9/28/2018,21:14:18,WashingtonDC7D,38.846,-76.997
6D230479,Gunshot_or_Firecracker,9/28/2018,21:18:48,WashingtonDC6D,38.901,-76.955
5D98966,Multiple_Gunshots,9/28/2018,21:28:27,WashingtonDC5D,38.896,-76.982
6D230482,Multiple_Gunshots,9/28/2018,21:31:30,WashingtonDC6D,38.869,-76.945
7D297224,Multiple_Gunshots,9/28/2018,22:40:16,WashingtonDC7D,38.831,-76.997
7D297225,Multiple_Gunshots,9/28/2018,22:40:20,WashingtonDC7D,38.83,-76.997
6D230488,Single_Gunshot,9/28/2018,23:35:15,WashingtonDC6D,38.893,-76.958
7D297226,Multiple_Gunshots,9/28/2018,23:58:26,WashingtonDC7D,38.866,-76.976
6D230491,Single_Gunshot,9/29/2018,0:16:58,WashingtonDC6D,38.901,-76.945
6D230494,Multiple_Gunshots,9/29/2018,0:59:13,WashingtonDC6D,38.908,-76.932
6D230496,Multiple_Gunshots,9/29/2018,0:59:27,WashingtonDC6D,38.911,-76.932
6D230500,Single_Gunshot,9/29/2018,2:39:54,WashingtonDC6D,38.876,-76.931
7D297252,Multiple_Gunshots,9/29/2018,2:59:57,WashingtonDC7D,38.826,-77.004
6D230503,Multiple_Gunshots,9/29/2018,3:50:57,WashingtonDC6D,38.881,-76.939
6D230505,Multiple_Gunshots,9/29/2018,3:59:34,WashingtonDC6D,38.883,-76.926
6D230506,Multiple_Gunshots,9/29/2018,3:59:58,WashingtonDC6D,38.89,-76.921
7D297256,Multiple_Gunshots,9/29/2018,4:18:42,WashingtonDC7D,38.853,-76.973
7D297257,Multiple_Gunshots,9/29/2018,4:21:19,WashingtonDC7D,38.856,-76.973
4D76075,Gunshot_or_Firecracker,9/29/2018,5:14:23,WashingtonDC4D,38.939,-77.025
6D230510,Single_Gunshot,9/29/2018,5:27:08,WashingtonDC6D,38.888,-76.951
4D76080,Single_Gunshot,9/29/2018,10:53:02,WashingtonDC4D,38.966,-77.028
5D98988,Single_Gunshot,9/29/2018,15:31:55,WashingtonDC5D,38.918,-77.007
7D297293,Gunshot_or_Firecracker,9/29/2018,19:18:55,WashingtonDC7D,38.841,-76.993
6D230534,Multiple_Gunshots,9/29/2018,20:38:19,WashingtonDC6D,38.896,-76.936
7D297309,Multiple_Gunshots,9/29/2018,21:50:13,WashingtonDC7D,38.843,-77.001
7D297312,Multiple_Gunshots,9/29/2018,23:27:14,WashingtonDC7D,38.834,-76.995
7D297313,Multiple_Gunshots,9/29/2018,23:27:53,WashingtonDC7D,38.834,-76.996
5D99003,Single_Gunshot,9/29/2018,23:47:18,WashingtonDC5D,38.912,-76.984
5D99005,Multiple_Gunshots,9/30/2018,0:12:32,WashingtonDC5D,38.911,-76.982
7D297320,Multiple_Gunshots,9/30/2018,0:52:23,WashingtonDC7D,38.827,-76.996
7D297321,Multiple_Gunshots,9/30/2018,0:52:38,WashingtonDC7D,38.827,-76.996
7D297322,Multiple_Gunshots,9/30/2018,0:52:50,WashingtonDC7D,38.828,-76.996
7D297323,Single_Gunshot,9/30/2018,0:53:15,WashingtonDC7D,38.827,-76.996
6D230550,Single_Gunshot,9/30/2018,4:11:15,WashingtonDC6D,38.896,-76.955
7D297338,Single_Gunshot,9/30/2018,4:29:45,WashingtonDC7D,38.826,-76.999
6D230551,Single_Gunshot,9/30/2018,5:14:42,WashingtonDC6D,38.883,-76.923
4D76087,Single_Gunshot,9/30/2018,6:27:48,WashingtonDC4D,38.958,-77.02
7D297361,Multiple_Gunshots,9/30/2018,16:13:37,WashingtonDC7D,38.826,-76.999
6D230563,Multiple_Gunshots,9/30/2018,19:06:15,WashingtonDC6D,38.911,-76.936
6D230564,Multiple_Gunshots,9/30/2018,19:06:26,WashingtonDC6D,38.911,-76.936
7D297364,Single_Gunshot,9/30/2018,19:19:47,WashingtonDC7D,38.824,-77.01
7D297370,Multiple_Gunshots,9/30/2018,21:39:10,WashingtonDC7D,38.853,-76.966
6D230567,Multiple_Gunshots,9/30/2018,23:17:35,WashingtonDC6D,38.889,-76.932
7D297388,Single_Gunshot,10/1/2018,3:43:50,WashingtonDC7D,38.832,-76.991
7D297393,Multiple_Gunshots,10/1/2018,5:48:36,WashingtonDC7D,38.845,-77.001
7D297394,Multiple_Gunshots,10/1/2018,5:48:39,WashingtonDC7D,38.845,-77.001
7D297405,Multiple_Gunshots,10/1/2018,9:58:33,WashingtonDC7D,38.855,-76.971
6D230580,Multiple_Gunshots,10/1/2018,12:31:02,WashingtonDC6D,38.891,-76.926
7D297408,Multiple_Gunshots,10/1/2018,15:11:17,WashingtonDC7D,38.867,-76.98
6D230582,Multiple_Gunshots,10/1/2018,15:11:19,WashingtonDC6D,38.868,-76.98
6D230583,Multiple_Gunshots,10/1/2018,18:25:22,WashingtonDC6D,38.912,-76.939
6D230585,Multiple_Gunshots,10/1/2018,20:30:36,WashingtonDC6D,38.892,-76.914
6D230586,Multiple_Gunshots,10/1/2018,20:30:40,WashingtonDC6D,38.89,-76.918
7D297432,Single_Gunshot,10/1/2018,21:22:23,WashingtonDC7D,38.855,-76.971
7D297436,Multiple_Gunshots,10/1/2018,23:07:30,WashingtonDC7D,38.854,-76.971
4D76140,Single_Gunshot,10/1/2018,23:37:57,WashingtonDC4D,38.936,-77.027
6D230592,Multiple_Gunshots,10/1/2018,23:46:44,WashingtonDC6D,38.875,-76.939
6D230593,Multiple_Gunshots,10/1/2018,23:47:59,WashingtonDC6D,38.885,-76.948
